Coop,Society,Producer,ProducerID,Field ID,Field,FIELD Size,DOBProducer,FarmerGender,NationalId,PurchasingClerkCard,PhoneNumber,Hhsize,NumberChildren,HHAssessed
Sankofa,Goldfield Society,Arjun Ivanov,SNK-0001,SNK-0001-F1,Field 1,4.87,1970,Male,NID-843821378-5,,+1130116391,4,2,
Sankofa,Highgate Society,Lucia Larsen,SNK-0002,SNK-0002-F1,Field 1,4.32,2000,Female,NID-404535483-1,,,7,3,No
Sankofa,Highgate Society,Lucia Larsen,SNK-0002,SNK-0002-F2,Field 2,2.97,2000,Female,,,,,,
Sankofa,Highgate Society,Aisha Santos,SNK-0003,SNK-0003-F1,Field 1,2.39,1999,Female,NID-551918197-5,,+1492434193,1,6,
Sankofa,Highgate Society,Aisha Santos,SNK-0003,SNK-0003-F2,Field 2,2.66,1999,Female,,,,,,
Sankofa,Goldfield Society,Omar Andersson,SNK-0004,SNK-0004-F1,Field 1,4.73,1983,Male,,,+1454620036,4,1,
Sankofa,Goldfield Society,James Garcia,SNK-0005,SNK-0005-F1,Field 1,3.87,1974,Male,,,+1155533253,3,4,
Sankofa,Southbank Society,James Costa,SNK-0006,SNK-0006-F1,Field 1,0.68,1983,Male,NID-788363277-0,,,2,1,No
Sankofa,Southbank Society,James Costa,SNK-0006,SNK-0006-F2,Field 2,2.01,1983,Male,,,,,,
Sankofa,Southbank Society,Liam Reyes,SNK-0007,SNK-0007-F1,Field 1,2.64,1997,Male,,,+1740382971,2,0,
Sankofa,Goldfield Society,Fatima Nguyen,SNK-0008,SNK-0008-F1,Field 1,0.95,1974,Female,,,+1073088680,10,4,Yes
Sankofa,Southbank Society,Sofia Santos,SNK-0009,SNK-0009-F1,Field 1,0.78,1992,Female,NID-648612543-2,,+1149404821,2,4,No
Sankofa,Clearwater Society,Mateo Haddad,SNK-0010,SNK-0010-F1,Field 1,2.94,1979,Male,,,+1761481177,5,5,
Sankofa,Clearwater Society,Mateo Haddad,SNK-0010,SNK-0010-F2,Field 2,3.98,1979,Male,,,,,,
Sankofa,Highgate Society,Aisha Santos,SNK-0011,SNK-0011-F1,Field 1,0.55,1973,Female,,,,6,1,No
Sankofa,Palmgrove Society,James Santos,SNK-0012,SNK-0012-F1,Field 1,2.93,1997,Male,NID-184188950-0,,+1495898966,4,4,Yes
Sankofa,Clearwater Society,Arjun Santos,SNK-0013,SNK-0013-F1,Field 1,1.58,1978,Male,NID-726068754-8,,+1695961801,2,4,Yes
Sankofa,Clearwater Society,Arjun Santos,SNK-0013,SNK-0013-F2,Field 2,1.91,1978,Male,,,,,,
Sankofa,Clearwater Society,Lucas Fischer,SNK-0014,SNK-0014-F1,Field 1,2.90,1967,Male,NID-156736352-7,,+1656734095,4,4,
Sankofa,Palmgrove Society,Lucas Khan,SNK-0015,SNK-0015-F1,Field 1,0.66,1978,Male,NID-632769418-8,,,6,5,
Sankofa,Palmgrove Society,Lucas Khan,SNK-0015,SNK-0015-F2,Field 2,3.43,1978,Male,,,,,,
Sankofa,Southbank Society,Aisha Kim,SNK-0016,SNK-0016-F1,Field 1,2.79,1988,Female,NID-104281323-4,,+1220976134,7,1,Yes
Sankofa,Southbank Society,Aisha Kim,SNK-0016,SNK-0016-F2,Field 2,0.64,1988,Female,,,,,,
Sankofa,Southbank Society,Elena Andersson,SNK-0017,SNK-0017-F1,Field 1,4.49,1991,Female,,,,2,6,
Sankofa,Southbank Society,Elena Andersson,SNK-0017,SNK-0017-F2,Field 2,4.03,1991,Female,,,,,,
Sankofa,Clearwater Society,Mateo Reyes,SNK-0018,SNK-0018-F1,Field 1,4.28,1989,Male,NID-233772428-4,,,5,0,
Sankofa,Clearwater Society,Mateo Reyes,SNK-0018,SNK-0018-F2,Field 2,4.21,1989,Male,,,,,,
Sankofa,Palmgrove Society,Omar Haddad,SNK-0019,SNK-0019-F1,Field 1,2.65,1993,Male,NID-236614945-8,,+1668653155,8,1,
Sankofa,Highgate Society,Lucas Patel,SNK-0020,SNK-0020-F1,Field 1,1.02,1986,Male,NID-815222815-5,,+1991779096,10,4,
Sankofa,Highgate Society,Lucas Patel,SNK-0020,SNK-0020-F2,Field 2,3.61,1986,Male,,,,,,
Sankofa,Highgate Society,Aisha Khan,SNK-0021,SNK-0021-F1,Field 1,0.76,1983,Female,NID-879115458-0,,,5,0,Yes
Sankofa,Southbank Society,Chen Kim,SNK-0022,SNK-0022-F1,Field 1,4.21,1986,Male,,,+1490442821,4,5,Yes
Sankofa,Clearwater Society,Lucas Wang,SNK-0023,SNK-0023-F1,Field 1,1.39,1961,Male,NID-395948191-0,,+1454619331,8,0,
Sankofa,Clearwater Society,Lucas Wang,SNK-0023,SNK-0023-F2,Field 2,1.22,1961,Male,,,,,,
Sankofa,Highgate Society,Noah Costa,SNK-0024,SNK-0024-F1,Field 1,1.92,1995,Male,NID-474068420-0,,+1329141785,2,3,
Sankofa,Highgate Society,Noah Costa,SNK-0024,SNK-0024-F2,Field 2,4.70,1995,Male,,,,,,
Sankofa,Clearwater Society,Sarah Ivanov,SNK-0025,SNK-0025-F1,Field 1,2.17,1998,Female,,,,9,6,Yes
Sankofa,Clearwater Society,Lucas Nguyen,SNK-0026,SNK-0026-F1,Field 1,4.59,1991,Male,,,+1545072386,7,6,No
Sankofa,Clearwater Society,Lucas Nguyen,SNK-0026,SNK-0026-F2,Field 2,3.54,1991,Male,,,,,,
Sankofa,Clearwater Society,Arjun Novak,SNK-0027,SNK-0027-F1,Field 1,2.97,1993,Male,NID-894879453-8,,,8,5,Yes
Sankofa,Clearwater Society,Arjun Novak,SNK-0027,SNK-0027-F2,Field 2,3.69,1993,Male,,,,,,
Sankofa,Clearwater Society,Omar Wang,SNK-0028,SNK-0028-F1,Field 1,2.19,1990,Male,NID-466545405-6,,,10,0,Yes
Sankofa,Clearwater Society,Chen Kim,SNK-0029,SNK-0029-F1,Field 1,3.99,1986,Male,,,,9,2,
Sankofa,Clearwater Society,Chen Kim,SNK-0029,SNK-0029-F2,Field 2,4.09,1986,Male,,,,,,
Sankofa,Goldfield Society,Lucas Muller,SNK-0030,SNK-0030-F1,Field 1,0.96,1993,Male,NID-300128106-1,,,2,5,
Sankofa,Highgate Society,Liam Wang,SNK-0031,SNK-0031-F1,Field 1,4.31,2000,Male,NID-963130648-6,,,7,1,
Sankofa,Highgate Society,Liam Wang,SNK-0031,SNK-0031-F2,Field 2,2.20,2000,Male,,,,,,
Sankofa,Clearwater Society,Elena Smith,SNK-0032,SNK-0032-F1,Field 1,3.97,1960,Female,NID-357779696-4,,,5,4,
Sankofa,Clearwater Society,Elena Smith,SNK-0032,SNK-0032-F2,Field 2,3.17,1960,Female,,,,,,
Sankofa,Palmgrove Society,Mateo Reyes,SNK-0033,SNK-0033-F1,Field 1,2.42,1990,Male,,,+1562934928,8,2,Yes
Sankofa,Highgate Society,Chen Haddad,SNK-0034,SNK-0034-F1,Field 1,4.47,1991,Male,,,+1084816055,2,4,
Sankofa,Highgate Society,Arjun Reyes,SNK-0035,SNK-0035-F1,Field 1,0.61,1976,Male,NID-362663572-2,,+1895187244,6,6,Yes
Sankofa,Highgate Society,Arjun Reyes,SNK-0035,SNK-0035-F2,Field 2,4.88,1976,Male,,,,,,
Sankofa,Southbank Society,Liam Patel,SNK-0036,SNK-0036-F1,Field 1,2.68,1972,Male,NID-576948345-4,,,7,0,
Sankofa,Southbank Society,Maria Andersson,SNK-0037,SNK-0037-F1,Field 1,2.77,1962,Female,,,,4,0,Yes
Sankofa,Clearwater Society,Chen Smith,SNK-0038,SNK-0038-F1,Field 1,4.72,1989,Male,NID-336858758-5,,,4,1,No
Sankofa,Clearwater Society,Chen Smith,SNK-0038,SNK-0038-F2,Field 2,3.98,1989,Male,,,,,,
Sankofa,Southbank Society,Arjun Garcia,SNK-0039,SNK-0039-F1,Field 1,4.78,1992,Male,NID-161127283-7,,+1009229322,1,3,Yes
Sankofa,Southbank Society,Arjun Garcia,SNK-0039,SNK-0039-F2,Field 2,1.75,1992,Male,,,,,,
Sankofa,Highgate Society,Lucas Reyes,SNK-0040,SNK-0040-F1,Field 1,3.18,1972,Male,,,+1633865255,8,1,No
Sankofa,Highgate Society,Lucas Reyes,SNK-0040,SNK-0040-F2,Field 2,4.81,1972,Male,,,,,,
Sankofa,Clearwater Society,Arjun Santos,SNK-0041,SNK-0041-F1,Field 1,3.18,1973,Male,,,+1428243920,1,6,
Sankofa,Clearwater Society,Arjun Santos,SNK-0041,SNK-0041-F2,Field 2,2.90,1973,Male,,,,,,
Sankofa,Clearwater Society,Lucia Ivanov,SNK-0042,SNK-0042-F1,Field 1,0.57,1960,Female,NID-644123402-7,,+1017376637,8,1,
Sankofa,Clearwater Society,Lucia Ivanov,SNK-0042,SNK-0042-F2,Field 2,2.18,1960,Female,,,,,,
Sankofa,Goldfield Society,Daniel Nguyen,SNK-0043,SNK-0043-F1,Field 1,4.75,1988,Male,NID-841046226-9,,+1260028220,5,3,No
Sankofa,Goldfield Society,Daniel Nguyen,SNK-0043,SNK-0043-F2,Field 2,1.45,1988,Male,,,,,,
Sankofa,Southbank Society,Arjun Fischer,SNK-0044,SNK-0044-F1,Field 1,2.97,1986,Male,NID-072439818-5,,,4,5,
Sankofa,Southbank Society,Arjun Patel,SNK-0045,SNK-0045-F1,Field 1,1.04,1995,Male,NID-898435618-2,,+1663147871,3,6,
Sankofa,Southbank Society,Arjun Patel,SNK-0045,SNK-0045-F2,Field 2,3.92,1995,Male,,,,,,
Sankofa,Palmgrove Society,Maria Fischer,SNK-0046,SNK-0046-F1,Field 1,2.27,1961,Female,,,+1134978456,7,5,
Sankofa,Highgate Society,Noah Khan,SNK-0047,SNK-0047-F1,Field 1,0.86,1990,Male,NID-077545097-8,,+1630735973,2,5,No
Sankofa,Highgate Society,Noah Khan,SNK-0047,SNK-0047-F2,Field 2,3.24,1990,Male,,,,,,
Sankofa,Goldfield Society,Arjun Reyes,SNK-0048,SNK-0048-F1,Field 1,2.20,1965,Male,NID-166875793-9,,+1146873308,6,5,No
Sankofa,Highgate Society,Noah Ivanov,SNK-0049,SNK-0049-F1,Field 1,3.75,1988,Male,NID-789053479-6,,+1757315141,2,3,Yes
Sankofa,Highgate Society,Daniel Patel,SNK-0050,SNK-0050-F1,Field 1,1.45,1999,Male,,,,9,5,
Sankofa,Highgate Society,Daniel Patel,SNK-0050,SNK-0050-F2,Field 2,3.06,1999,Male,,,,,,
Sankofa,Highgate Society,Arjun Ivanov,SNK-0051,SNK-0051-F1,Field 1,4.80,1972,Male,NID-998367336-0,,+1953140579,6,6,
Sankofa,Palmgrove Society,Noah Silva,SNK-0052,SNK-0052-F1,Field 1,0.73,1967,Male,,,+1614394668,6,2,No
Sankofa,Palmgrove Society,Noah Silva,SNK-0052,SNK-0052-F2,Field 2,3.26,1967,Male,,,,,,
Sankofa,Southbank Society,Elena Larsen,SNK-0053,SNK-0053-F1,Field 1,2.19,1974,Female,,,,3,2,
Sankofa,Highgate Society,Fatima Costa,SNK-0054,SNK-0054-F1,Field 1,4.11,1962,Female,,,+1703098733,10,0,No
Sankofa,Palmgrove Society,Noah Nguyen,SNK-0055,SNK-0055-F1,Field 1,3.48,1969,Male,,,+1008598974,5,4,Yes
Sankofa,Clearwater Society,Chen Nguyen,SNK-0056,SNK-0056-F1,Field 1,2.77,1981,Male,,,,2,5,No
Sankofa,Clearwater Society,Liam Rossi,SNK-0057,SNK-0057-F1,Field 1,1.60,1982,Male,NID-991494084-0,,,4,4,
Sankofa,Clearwater Society,Mateo Fischer,SNK-0058,SNK-0058-F1,Field 1,1.09,1984,Male,NID-610915876-4,,+1163781996,6,0,Yes
Sankofa,Clearwater Society,Mateo Fischer,SNK-0058,SNK-0058-F2,Field 2,4.63,1984,Male,,,,,,
Sankofa,Palmgrove Society,Liam Dubois,SNK-0059,SNK-0059-F1,Field 1,4.69,1982,Male,NID-051926646-5,,+1272806571,4,4,
Sankofa,Palmgrove Society,James Larsen,SNK-0060,SNK-0060-F1,Field 1,3.07,1994,Male,NID-177322126-8,,+1923405131,3,0,
Sankofa,Highgate Society,Omar Reyes,SNK-0061,SNK-0061-F1,Field 1,2.43,1976,Male,,,+1482521043,10,0,
Sankofa,Highgate Society,Omar Reyes,SNK-0061,SNK-0061-F2,Field 2,1.74,1976,Male,,,,,,
Sankofa,Palmgrove Society,Noah Dubois,SNK-0062,SNK-0062-F1,Field 1,2.43,1983,Male,NID-192088542-4,,+1497549957,10,3,
Sankofa,Southbank Society,Sarah Wang,SNK-0063,SNK-0063-F1,Field 1,4.89,1988,Female,NID-305974528-8,,+1113481702,5,4,Yes
Sankofa,Goldfield Society,Arjun Fischer,SNK-0064,SNK-0064-F1,Field 1,2.82,1997,Male,,,,7,1,
Sankofa,Goldfield Society,Arjun Fischer,SNK-0064,SNK-0064-F2,Field 2,2.06,1997,Male,,,,,,
Sankofa,Highgate Society,James Larsen,SNK-0065,SNK-0065-F1,Field 1,2.04,1969,Male,NID-972733112-6,,+1137317492,3,6,Yes
Sankofa,Highgate Society,James Larsen,SNK-0065,SNK-0065-F2,Field 2,2.51,1969,Male,,,,,,
Sankofa,Goldfield Society,Chen Dubois,SNK-0066,SNK-0066-F1,Field 1,3.37,1992,Male,NID-782580273-0,,+1085722389,10,3,No
Sankofa,Goldfield Society,Chen Dubois,SNK-0066,SNK-0066-F2,Field 2,2.63,1992,Male,,,,,,
Sankofa,Palmgrove Society,Lucia Dubois,SNK-0067,SNK-0067-F1,Field 1,0.74,1974,Female,NID-252048545-3,,+1616432072,1,2,
Sankofa,Palmgrove Society,Lucia Dubois,SNK-0067,SNK-0067-F2,Field 2,4.88,1974,Female,,,,,,
Sankofa,Goldfield Society,Mateo Smith,SNK-0068,SNK-0068-F1,Field 1,4.72,1993,Male,NID-069007275-0,,+1158202104,6,2,
Sankofa,Goldfield Society,Mateo Smith,SNK-0068,SNK-0068-F2,Field 2,1.81,1993,Male,,,,,,
Sankofa,Highgate Society,Sarah Costa,SNK-0069,SNK-0069-F1,Field 1,2.18,1971,Female,,,+1465247596,9,1,
Sankofa,Highgate Society,Maria Andersson,SNK-0070,SNK-0070-F1,Field 1,3.54,1996,Female,NID-413255908-3,,+1084805784,2,5,
Sankofa,Southbank Society,Mateo Haddad,SNK-0071,SNK-0071-F1,Field 1,4.93,1993,Male,,,+1461094129,9,6,Yes
Sankofa,Southbank Society,Mateo Haddad,SNK-0071,SNK-0071-F2,Field 2,3.80,1993,Male,,,,,,
Sankofa,Highgate Society,Mateo Andersson,SNK-0072,SNK-0072-F1,Field 1,1.98,1973,Male,NID-089891285-0,,+1662141587,5,5,
Sankofa,Highgate Society,Mateo Andersson,SNK-0072,SNK-0072-F2,Field 2,3.95,1973,Male,,,,,,
Sankofa,Southbank Society,Daniel Larsen,SNK-0073,SNK-0073-F1,Field 1,1.61,1973,Male,,,+1171803773,5,6,
Sankofa,Southbank Society,Daniel Larsen,SNK-0073,SNK-0073-F2,Field 2,4.20,1973,Male,,,,,,
Sankofa,Highgate Society,Mateo Kim,SNK-0074,SNK-0074-F1,Field 1,4.79,1962,Male,NID-221430265-1,,,6,0,Yes
Sankofa,Clearwater Society,Lucia Muller,SNK-0075,SNK-0075-F1,Field 1,3.11,1984,Female,NID-274774122-7,,+1721269269,2,1,
Sankofa,Clearwater Society,David Smith,SNK-0076,SNK-0076-F1,Field 1,3.76,1967,Male,NID-072179299-6,,+1720681749,10,4,
Sankofa,Southbank Society,Priya Wang,SNK-0077,SNK-0077-F1,Field 1,1.68,1966,Female,NID-614827603-9,,+1722047898,4,6,
Sankofa,Palmgrove Society,Daniel Smith,SNK-0078,SNK-0078-F1,Field 1,3.08,1989,Male,,,+1326282275,3,4,
Sankofa,Southbank Society,Omar Patel,SNK-0079,SNK-0079-F1,Field 1,4.29,1994,Male,NID-960338536-7,,+1434205078,3,2,Yes
Sankofa,Southbank Society,Omar Patel,SNK-0079,SNK-0079-F2,Field 2,1.58,1994,Male,,,,,,
Sankofa,Southbank Society,Arjun Dubois,SNK-0080,SNK-0080-F1,Field 1,2.93,1975,Male,NID-813614851-7,,+1081618383,10,5,Yes
Sankofa,Southbank Society,Arjun Dubois,SNK-0080,SNK-0080-F2,Field 2,1.18,1975,Male,,,,,,
Sankofa,Southbank Society,Lucas Silva,SNK-0081,SNK-0081-F1,Field 1,4.23,1960,Male,NID-524927111-9,,+1367954066,3,0,Yes
Sankofa,Southbank Society,Lucas Silva,SNK-0081,SNK-0081-F2,Field 2,1.43,1960,Male,,,,,,
Sankofa,Goldfield Society,Noah Fischer,SNK-0082,SNK-0082-F1,Field 1,2.28,1990,Male,NID-506323522-0,,+1595309866,1,1,
Sankofa,Goldfield Society,Noah Fischer,SNK-0082,SNK-0082-F2,Field 2,2.59,1990,Male,,,,,,
Sankofa,Clearwater Society,Sarah Rossi,SNK-0083,SNK-0083-F1,Field 1,1.39,1977,Female,NID-849085579-3,,+1818445687,3,0,No
Sankofa,Southbank Society,Chen Patel,SNK-0084,SNK-0084-F1,Field 1,2.69,1996,Male,,,+1861284691,5,6,Yes
Sankofa,Southbank Society,Chen Patel,SNK-0084,SNK-0084-F2,Field 2,3.68,1996,Male,,,,,,
Sankofa,Clearwater Society,Mei Kim,SNK-0085,SNK-0085-F1,Field 1,2.30,1982,Female,NID-684103846-8,,+1457508254,9,6,Yes
Sankofa,Clearwater Society,Mei Kim,SNK-0085,SNK-0085-F2,Field 2,4.91,1982,Female,,,,,,
Sankofa,Highgate Society,Lucas Smith,SNK-0086,SNK-0086-F1,Field 1,3.75,1983,Male,NID-648913999-9,,+1694626882,6,3,
Sankofa,Highgate Society,Lucas Smith,SNK-0086,SNK-0086-F2,Field 2,1.40,1983,Male,,,,,,
Sankofa,Clearwater Society,Liam Wang,SNK-0087,SNK-0087-F1,Field 1,2.14,1981,Male,NID-855186146-8,,,3,3,
Sankofa,Clearwater Society,Liam Wang,SNK-0087,SNK-0087-F2,Field 2,4.60,1981,Male,,,,,,
Sankofa,Palmgrove Society,Lucas Haddad,SNK-0088,SNK-0088-F1,Field 1,2.54,1967,Male,,,+1718243813,5,2,
Sankofa,Palmgrove Society,Lucas Haddad,SNK-0088,SNK-0088-F2,Field 2,4.81,1967,Male,,,,,,
Sankofa,Goldfield Society,James Nguyen,SNK-0089,SNK-0089-F1,Field 1,4.51,1987,Male,,,+1303286758,2,2,Yes
Sankofa,Goldfield Society,James Nguyen,SNK-0089,SNK-0089-F2,Field 2,2.75,1987,Male,,,,,,
Sankofa,Palmgrove Society,Liam Garcia,SNK-0090,SNK-0090-F1,Field 1,3.71,1970,Male,,,+1263213432,9,3,
Sankofa,Palmgrove Society,Liam Garcia,SNK-0090,SNK-0090-F2,Field 2,3.62,1970,Male,,,,,,
Sankofa,Clearwater Society,Noah Smith,SNK-0091,SNK-0091-F1,Field 1,2.52,1966,Male,NID-892014703-2,,+1657672043,9,3,
Sankofa,Clearwater Society,Noah Smith,SNK-0091,SNK-0091-F2,Field 2,4.91,1966,Male,,,,,,
Sankofa,Highgate Society,Omar Garcia,SNK-0092,SNK-0092-F1,Field 1,2.72,1999,Male,NID-006106731-5,,+1810736198,5,2,No
Sankofa,Highgate Society,Omar Garcia,SNK-0092,SNK-0092-F2,Field 2,2.22,1999,Male,,,,,,
Sankofa,Goldfield Society,Lucas Fischer,SNK-0093,SNK-0093-F1,Field 1,2.60,1966,Male,NID-905571024-8,,+1924971632,2,3,
Sankofa,Southbank Society,James Smith,SNK-0094,SNK-0094-F1,Field 1,0.77,1980,Male,,,,5,3,
Sankofa,Goldfield Society,Mei Patel,SNK-0095,SNK-0095-F1,Field 1,3.30,1999,Female,,,,5,1,
Sankofa,Goldfield Society,Mei Patel,SNK-0095,SNK-0095-F2,Field 2,0.78,1999,Female,,,,,,
Sankofa,Palmgrove Society,Omar Kim,SNK-0096,SNK-0096-F1,Field 1,1.63,1987,Male,NID-562934934-3,,+1331181408,4,2,
Sankofa,Palmgrove Society,Noah Nguyen,SNK-0097,SNK-0097-F1,Field 1,4.25,1969,Male,,,+1533835449,10,4,
Sankofa,Palmgrove Society,Noah Nguyen,SNK-0097,SNK-0097-F2,Field 2,4.70,1969,Male,,,,,,
Sankofa,Palmgrove Society,Mateo Patel,SNK-0098,SNK-0098-F1,Field 1,3.51,1960,Male,,,,8,1,
Sankofa,Highgate Society,David Muller,SNK-0099,SNK-0099-F1,Field 1,1.62,1989,Male,NID-544212729-8,,,9,1,Yes
Sankofa,Highgate Society,David Muller,SNK-0099,SNK-0099-F2,Field 2,0.60,1989,Male,,,,,,
Sankofa,Southbank Society,Priya Patel,SNK-0100,SNK-0100-F1,Field 1,4.30,1988,Female,,,+1987366618,2,2,
Sankofa,Clearwater Society,Maria Ivanov,SNK-0101,SNK-0101-F1,Field 1,4.55,1971,Female,NID-194092632-7,,+1950504188,1,4,Yes
Sankofa,Clearwater Society,Maria Ivanov,SNK-0101,SNK-0101-F2,Field 2,1.62,1971,Female,,,,,,
Sankofa,Southbank Society,Chen Rossi,SNK-0102,SNK-0102-F1,Field 1,2.58,1989,Male,,,+1917070625,6,1,Yes
Sankofa,Southbank Society,Chen Rossi,SNK-0102,SNK-0102-F2,Field 2,4.67,1989,Male,,,,,,
Sankofa,Clearwater Society,Noah Patel,SNK-0103,SNK-0103-F1,Field 1,4.90,1970,Male,,,+1472899117,10,6,No
Sankofa,Goldfield Society,Noah Larsen,SNK-0104,SNK-0104-F1,Field 1,4.50,1998,Male,NID-702413924-7,,+1861829666,1,0,
Sankofa,Highgate Society,Daniel Reyes,SNK-0105,SNK-0105-F1,Field 1,2.80,1972,Male,NID-656839628-8,,,10,6,No
Sankofa,Highgate Society,Daniel Reyes,SNK-0105,SNK-0105-F2,Field 2,3.21,1972,Male,,,,,,
Sankofa,Goldfield Society,Chen Silva,SNK-0106,SNK-0106-F1,Field 1,1.55,1996,Male,,,+1584102814,10,6,Yes
Sankofa,Clearwater Society,Chen Nguyen,SNK-0107,SNK-0107-F1,Field 1,3.78,1979,Male,,,+1255070211,9,3,
Sankofa,Clearwater Society,Chen Nguyen,SNK-0107,SNK-0107-F2,Field 2,0.59,1979,Male,,,,,,
Sankofa,Goldfield Society,Mei Reyes,SNK-0108,SNK-0108-F1,Field 1,1.73,1976,Female,NID-274271962-2,,+1905693169,4,5,No
Sankofa,Goldfield Society,Mei Reyes,SNK-0108,SNK-0108-F2,Field 2,3.50,1976,Female,,,,,,
Nkabom,Hillcrest Society,Noah Silva,NKB-0001,NKB-0001-F1,Field 1,2.79,1973,Male,NID-631386262-0,,+1928574507,8,3,
Nkabom,Meadowbrook Society,Omar Santos,NKB-0002,NKB-0002-F1,Field 1,2.63,1991,Male,,,+1422238338,4,2,
Nkabom,Meadowbrook Society,Omar Santos,NKB-0002,NKB-0002-F2,Field 2,4.79,1991,Male,,,,,,
Nkabom,Silverstone Society,James Nguyen,NKB-0003,NKB-0003-F1,Field 1,3.28,1973,Male,NID-301978329-1,,+1937793607,1,3,No
Nkabom,Meadowbrook Society,Daniel Smith,NKB-0004,NKB-0004-F1,Field 1,3.45,1990,Male,NID-336244416-7,,+1586481944,8,4,
Nkabom,Meadowbrook Society,Daniel Smith,NKB-0004,NKB-0004-F2,Field 2,3.39,1990,Male,,,,,,
Nkabom,Sunbright Society,James Silva,NKB-0005,NKB-0005-F1,Field 1,1.37,1988,Male,NID-105341379-5,,,2,3,Yes
Nkabom,Meadowbrook Society,Mateo Kim,NKB-0006,NKB-0006-F1,Field 1,4.88,1984,Male,,,+1027390017,10,5,Yes
Nkabom,Sunbright Society,Fatima Reyes,NKB-0007,NKB-0007-F1,Field 1,3.42,1968,Female,,,+1513120135,1,1,
Nkabom,Sunbright Society,Fatima Reyes,NKB-0007,NKB-0007-F2,Field 2,4.02,1968,Female,,,,,,
Nkabom,Silverstone Society,Fatima Silva,NKB-0008,NKB-0008-F1,Field 1,2.30,1993,Female,,,,4,5,
Nkabom,Sunbright Society,Arjun Costa,NKB-0009,NKB-0009-F1,Field 1,3.25,1963,Male,,,+1398962596,2,6,No
Nkabom,Sunbright Society,Arjun Costa,NKB-0009,NKB-0009-F2,Field 2,2.12,1963,Male,,,,,,
Nkabom,Hillcrest Society,Lucas Kim,NKB-0010,NKB-0010-F1,Field 1,1.91,1987,Male,,,+1553917037,10,1,
Nkabom,Silverstone Society,Mateo Silva,NKB-0011,NKB-0011-F1,Field 1,4.73,1981,Male,,,+1087744017,9,1,Yes
Nkabom,Sunbright Society,James Santos,NKB-0012,NKB-0012-F1,Field 1,3.20,1989,Male,NID-218341298-3,,+1383940759,1,0,
Nkabom,Sunbright Society,James Santos,NKB-0012,NKB-0012-F2,Field 2,1.71,1989,Male,,,,,,
Nkabom,Clearwater Society,Mateo Patel,NKB-0013,NKB-0013-F1,Field 1,1.50,1966,Male,,,+1064653796,2,3,No
Nkabom,Clearwater Society,Chen Smith,NKB-0014,NKB-0014-F1,Field 1,1.13,1966,Male,NID-712409487-8,,,9,2,Yes
Nkabom,Silverstone Society,Elena Kim,NKB-0015,NKB-0015-F1,Field 1,1.80,1995,Female,,,+1019910026,10,6,
Nkabom,Silverstone Society,Elena Kim,NKB-0015,NKB-0015-F2,Field 2,1.98,1995,Female,,,,,,
Nkabom,Clearwater Society,Sofia Ivanov,NKB-0016,NKB-0016-F1,Field 1,3.68,1997,Female,NID-732124264-2,,,5,6,Yes
Nkabom,Hillcrest Society,Omar Rossi,NKB-0017,NKB-0017-F1,Field 1,4.62,1978,Male,,,+1942391705,2,1,Yes
Nkabom,Hillcrest Society,Noah Muller,NKB-0018,NKB-0018-F1,Field 1,2.93,1973,Male,NID-383608373-7,,+1644826168,2,1,Yes
Nkabom,Hillcrest Society,Noah Muller,NKB-0018,NKB-0018-F2,Field 2,2.79,1973,Male,,,,,,
Nkabom,Hillcrest Society,Omar Novak,NKB-0019,NKB-0019-F1,Field 1,1.67,1984,Male,NID-113962800-0,,+1948300600,4,6,Yes
Nkabom,Sunbright Society,Fatima Haddad,NKB-0020,NKB-0020-F1,Field 1,0.79,1968,Female,NID-711497227-1,,+1843644811,3,6,
Nkabom,Sunbright Society,Fatima Haddad,NKB-0020,NKB-0020-F2,Field 2,0.84,1968,Female,,,,,,
Nkabom,Meadowbrook Society,Arjun Costa,NKB-0021,NKB-0021-F1,Field 1,2.64,1993,Male,NID-787191041-5,,+1848943684,2,0,
Nkabom,Meadowbrook Society,Arjun Costa,NKB-0021,NKB-0021-F2,Field 2,0.98,1993,Male,,,,,,
Nkabom,Hillcrest Society,Mateo Rossi,NKB-0022,NKB-0022-F1,Field 1,3.54,1983,Male,,,+1514292934,5,1,Yes
Nkabom,Hillcrest Society,David Costa,NKB-0023,NKB-0023-F1,Field 1,3.79,1988,Male,NID-371515931-8,,+1870457435,2,3,No
Nkabom,Hillcrest Society,David Costa,NKB-0023,NKB-0023-F2,Field 2,0.51,1988,Male,,,,,,
Nkabom,Silverstone Society,Lucas Andersson,NKB-0024,NKB-0024-F1,Field 1,2.15,1962,Male,NID-555427408-8,,,6,2,
Nkabom,Hillcrest Society,Chen Rossi,NKB-0025,NKB-0025-F1,Field 1,2.07,1983,Male,NID-397040750-5,,+1896536605,8,6,Yes
Nkabom,Hillcrest Society,Chen Rossi,NKB-0025,NKB-0025-F2,Field 2,3.42,1983,Male,,,,,,
Nkabom,Clearwater Society,Chen Ivanov,NKB-0026,NKB-0026-F1,Field 1,1.55,1985,Male,NID-237557600-8,,+1278191072,10,6,
Nkabom,Clearwater Society,Chen Ivanov,NKB-0026,NKB-0026-F2,Field 2,2.79,1985,Male,,,,,,
Nkabom,Clearwater Society,David Reyes,NKB-0027,NKB-0027-F1,Field 1,4.80,1978,Male,NID-491117227-0,,+1473957131,9,6,
Nkabom,Clearwater Society,David Reyes,NKB-0027,NKB-0027-F2,Field 2,3.67,1978,Male,,,,,,
Nkabom,Sunbright Society,David Nguyen,NKB-0028,NKB-0028-F1,Field 1,3.04,1985,Male,NID-441571929-1,,,9,2,No
Nkabom,Sunbright Society,David Nguyen,NKB-0028,NKB-0028-F2,Field 2,4.56,1985,Male,,,,,,
Nkabom,Clearwater Society,Chen Dubois,NKB-0029,NKB-0029-F1,Field 1,3.63,1993,Male,NID-403203536-3,,+1524140862,8,0,Yes
Nkabom,Silverstone Society,Priya Kim,NKB-0030,NKB-0030-F1,Field 1,1.08,1998,Female,NID-837234453-2,,+1429356881,7,5,
Nkabom,Meadowbrook Society,Mateo Smith,NKB-0031,NKB-0031-F1,Field 1,2.09,1990,Male,NID-466360699-9,,+1483164262,5,2,Yes
Nkabom,Hillcrest Society,Mateo Haddad,NKB-0032,NKB-0032-F1,Field 1,2.25,1987,Male,,,,7,6,
Nkabom,Hillcrest Society,Mateo Haddad,NKB-0032,NKB-0032-F2,Field 2,2.67,1987,Male,,,,,,
Nkabom,Silverstone Society,Sofia Reyes,NKB-0033,NKB-0033-F1,Field 1,4.44,1992,Female,NID-639981939-0,,+1958708178,1,5,No
Nkabom,Silverstone Society,Sofia Reyes,NKB-0033,NKB-0033-F2,Field 2,3.04,1992,Female,,,,,,
Nkabom,Sunbright Society,Liam Dubois,NKB-0034,NKB-0034-F1,Field 1,2.51,1993,Male,,,+1058553943,4,0,Yes
Nkabom,Sunbright Society,Liam Dubois,NKB-0034,NKB-0034-F2,Field 2,4.28,1993,Male,,,,,,
Nkabom,Clearwater Society,Arjun Fischer,NKB-0035,NKB-0035-F1,Field 1,2.82,1964,Male,,,+1115776534,9,4,
Nkabom,Clearwater Society,Arjun Wang,NKB-0036,NKB-0036-F1,Field 1,1.32,1968,Male,,,,2,2,
Nkabom,Meadowbrook Society,Mateo Costa,NKB-0037,NKB-0037-F1,Field 1,3.63,1976,Male,,,+1114404023,9,5,Yes
Nkabom,Clearwater Society,Omar Santos,NKB-0038,NKB-0038-F1,Field 1,3.83,1967,Male,,,+1018567017,8,1,Yes
Nkabom,Meadowbrook Society,Fatima Garcia,NKB-0039,NKB-0039-F1,Field 1,2.08,1960,Female,NID-227558400-0,,+1958773385,3,2,
Nkabom,Meadowbrook Society,Fatima Garcia,NKB-0039,NKB-0039-F2,Field 2,1.27,1960,Female,,,,,,
Nkabom,Sunbright Society,Liam Nguyen,NKB-0040,NKB-0040-F1,Field 1,3.94,1971,Male,NID-722304712-8,,+1625296773,2,2,No
Nkabom,Meadowbrook Society,James Haddad,NKB-0041,NKB-0041-F1,Field 1,1.65,1982,Male,,,+1970139369,1,2,No
Nkabom,Meadowbrook Society,James Haddad,NKB-0041,NKB-0041-F2,Field 2,2.89,1982,Male,,,,,,
Nkabom,Clearwater Society,Omar Muller,NKB-0042,NKB-0042-F1,Field 1,2.34,1989,Male,,,+1138754056,7,4,Yes
Nkabom,Clearwater Society,Omar Muller,NKB-0042,NKB-0042-F2,Field 2,0.51,1989,Male,,,,,,
Nkabom,Hillcrest Society,David Nguyen,NKB-0043,NKB-0043-F1,Field 1,4.99,1979,Male,NID-498887067-8,,+1073673403,10,2,No
Nkabom,Hillcrest Society,David Nguyen,NKB-0043,NKB-0043-F2,Field 2,4.14,1979,Male,,,,,,
Nkabom,Sunbright Society,Mateo Muller,NKB-0044,NKB-0044-F1,Field 1,0.68,1987,Male,,,+1681956016,9,4,
Nkabom,Sunbright Society,Mateo Muller,NKB-0044,NKB-0044-F2,Field 2,2.36,1987,Male,,,,,,
Nkabom,Hillcrest Society,Mateo Santos,NKB-0045,NKB-0045-F1,Field 1,4.14,1997,Male,NID-597407340-4,,+1155918249,3,3,Yes
Nkabom,Hillcrest Society,Mateo Santos,NKB-0045,NKB-0045-F2,Field 2,2.19,1997,Male,,,,,,
Nkabom,Clearwater Society,Omar Nguyen,NKB-0046,NKB-0046-F1,Field 1,4.32,1986,Male,NID-144071426-5,,+1738334629,2,0,
Nkabom,Clearwater Society,Liam Silva,NKB-0047,NKB-0047-F1,Field 1,2.00,1979,Male,NID-639305721-0,,,8,1,
Nkabom,Clearwater Society,Liam Silva,NKB-0047,NKB-0047-F2,Field 2,1.58,1979,Male,,,,,,
Nkabom,Meadowbrook Society,Arjun Silva,NKB-0048,NKB-0048-F1,Field 1,4.51,1998,Male,NID-324820490-2,,,2,1,
Nkabom,Meadowbrook Society,Priya Andersson,NKB-0049,NKB-0049-F1,Field 1,3.59,1962,Female,,,+1511668341,3,3,
Nkabom,Meadowbrook Society,Priya Andersson,NKB-0049,NKB-0049-F2,Field 2,3.50,1962,Female,,,,,,
Nkabom,Hillcrest Society,David Kim,NKB-0050,NKB-0050-F1,Field 1,2.36,1966,Male,NID-237223243-0,,+1722776589,5,5,
Nkabom,Sunbright Society,Omar Larsen,NKB-0051,NKB-0051-F1,Field 1,2.74,1973,Male,NID-651268849-5,,,7,6,No
Nkabom,Sunbright Society,Omar Larsen,NKB-0051,NKB-0051-F2,Field 2,3.91,1973,Male,,,,,,
Nkabom,Clearwater Society,Fatima Andersson,NKB-0052,NKB-0052-F1,Field 1,0.85,1991,Female,NID-812840128-0,,+1271262179,8,2,Yes
Nkabom,Clearwater Society,Fatima Andersson,NKB-0052,NKB-0052-F2,Field 2,1.54,1991,Female,,,,,,
Nkabom,Silverstone Society,James Wang,NKB-0053,NKB-0053-F1,Field 1,0.84,1977,Male,NID-553935967-5,,+1650959297,2,6,Yes
Nkabom,Clearwater Society,Mateo Smith,NKB-0054,NKB-0054-F1,Field 1,2.55,1963,Male,NID-730825243-4,,+1733548271,9,2,
Nkabom,Clearwater Society,Anna Wang,NKB-0055,NKB-0055-F1,Field 1,0.51,1960,Female,NID-917583639-3,,,5,5,
Nkabom,Clearwater Society,Anna Wang,NKB-0055,NKB-0055-F2,Field 2,3.11,1960,Female,,,,,,
Nkabom,Silverstone Society,Aisha Smith,NKB-0056,NKB-0056-F1,Field 1,4.19,1987,Female,,,+1819053854,4,3,
Nkabom,Silverstone Society,Aisha Smith,NKB-0056,NKB-0056-F2,Field 2,3.48,1987,Female,,,,,,
Nkabom,Hillcrest Society,Sofia Silva,NKB-0057,NKB-0057-F1,Field 1,3.14,1977,Female,NID-570256788-6,,+1638131465,5,1,
Nkabom,Hillcrest Society,Sofia Silva,NKB-0057,NKB-0057-F2,Field 2,1.55,1977,Female,,,,,,
Nkabom,Hillcrest Society,Noah Kim,NKB-0058,NKB-0058-F1,Field 1,2.17,1986,Male,NID-478429588-2,,,6,4,Yes
Nkabom,Silverstone Society,Daniel Andersson,NKB-0059,NKB-0059-F1,Field 1,1.41,1993,Male,,,+1175846797,7,3,Yes
Nkabom,Silverstone Society,Chen Ivanov,NKB-0060,NKB-0060-F1,Field 1,3.32,1995,Male,NID-088121959-6,,,6,6,
Nkabom,Clearwater Society,James Novak,NKB-0061,NKB-0061-F1,Field 1,3.97,1980,Male,NID-977002022-2,,,5,4,Yes
Nkabom,Clearwater Society,James Novak,NKB-0061,NKB-0061-F2,Field 2,3.02,1980,Male,,,,,,
Nkabom,Meadowbrook Society,Noah Nguyen,NKB-0062,NKB-0062-F1,Field 1,1.02,1971,Male,,,,10,2,No
Nkabom,Hillcrest Society,Omar Haddad,NKB-0063,NKB-0063-F1,Field 1,3.48,1965,Male,,,+1106247263,5,5,
Nkabom,Clearwater Society,David Reyes,NKB-0064,NKB-0064-F1,Field 1,3.51,1972,Male,NID-034539098-6,,+1142162337,9,2,No
Nkabom,Clearwater Society,David Reyes,NKB-0064,NKB-0064-F2,Field 2,1.53,1972,Male,,,,,,
Nkabom,Silverstone Society,Lucas Kim,NKB-0065,NKB-0065-F1,Field 1,1.12,1982,Male,NID-682998885-1,,+1111327769,4,1,
Nkabom,Silverstone Society,Lucas Kim,NKB-0065,NKB-0065-F2,Field 2,3.72,1982,Male,,,,,,
Nkabom,Hillcrest Society,Omar Nguyen,NKB-0066,NKB-0066-F1,Field 1,2.10,1989,Male,NID-131118777-1,,,7,0,
Nkabom,Clearwater Society,James Wang,NKB-0067,NKB-0067-F1,Field 1,4.87,1994,Male,,,+1111962584,7,4,
Nkabom,Clearwater Society,Liam Nguyen,NKB-0068,NKB-0068-F1,Field 1,4.89,1995,Male,NID-935146414-0,,+1570719738,6,4,
Nkabom,Clearwater Society,Liam Nguyen,NKB-0068,NKB-0068-F2,Field 2,2.47,1995,Male,,,,,,
Nkabom,Clearwater Society,Elena Rossi,NKB-0069,NKB-0069-F1,Field 1,1.80,1980,Female,,,,5,2,
Nkabom,Silverstone Society,Omar Garcia,NKB-0070,NKB-0070-F1,Field 1,3.73,1978,Male,,,+1895761486,8,6,
Nkabom,Hillcrest Society,Noah Garcia,NKB-0071,NKB-0071-F1,Field 1,4.83,1960,Male,NID-485312436-1,,,6,0,Yes
Nkabom,Meadowbrook Society,Omar Smith,NKB-0072,NKB-0072-F1,Field 1,2.42,1977,Male,,,+1212348714,6,4,
Nkabom,Sunbright Society,Omar Wang,NKB-0073,NKB-0073-F1,Field 1,2.32,1974,Male,NID-054415466-0,,+1493940009,3,1,
Nkabom,Sunbright Society,Omar Wang,NKB-0073,NKB-0073-F2,Field 2,1.52,1974,Male,,,,,,
Nkabom,Silverstone Society,Sofia Dubois,NKB-0074,NKB-0074-F1,Field 1,2.84,1985,Female,NID-144488621-6,,,3,6,
Nkabom,Clearwater Society,Anna Costa,NKB-0075,NKB-0075-F1,Field 1,4.97,1974,Female,,,+1031938181,10,6,Yes
Nkabom,Sunbright Society,David Larsen,NKB-0076,NKB-0076-F1,Field 1,0.64,1964,Male,,,+1755270634,5,4,No
Nkabom,Sunbright Society,David Larsen,NKB-0076,NKB-0076-F2,Field 2,3.73,1964,Male,,,,,,
Nkabom,Clearwater Society,Omar Silva,NKB-0077,NKB-0077-F1,Field 1,4.29,1979,Male,NID-759121869-3,,,7,3,
Nkabom,Clearwater Society,Omar Silva,NKB-0077,NKB-0077-F2,Field 2,1.69,1979,Male,,,,,,
Nkabom,Hillcrest Society,David Andersson,NKB-0078,NKB-0078-F1,Field 1,4.06,1970,Male,NID-584874081-0,,,8,6,Yes
Nkabom,Hillcrest Society,David Andersson,NKB-0078,NKB-0078-F2,Field 2,3.62,1970,Male,,,,,,
Nkabom,Meadowbrook Society,Omar Muller,NKB-0079,NKB-0079-F1,Field 1,1.00,1966,Male,NID-689286055-3,,+1639994815,4,5,No
Nkabom,Hillcrest Society,Arjun Patel,NKB-0080,NKB-0080-F1,Field 1,1.85,1982,Male,,,,4,6,
Nkabom,Sunbright Society,Mateo Reyes,NKB-0081,NKB-0081-F1,Field 1,2.40,2000,Male,NID-826082138-2,,+1876309925,6,1,
Nkabom,Sunbright Society,Mateo Reyes,NKB-0081,NKB-0081-F2,Field 2,1.36,2000,Male,,,,,,
Nkabom,Clearwater Society,Chen Rossi,NKB-0082,NKB-0082-F1,Field 1,1.96,1964,Male,NID-482919542-3,,+1829756758,7,3,No
Nkabom,Meadowbrook Society,Noah Silva,NKB-0083,NKB-0083-F1,Field 1,3.39,1996,Male,NID-344308059-8,,,10,5,
Nkabom,Meadowbrook Society,Noah Silva,NKB-0083,NKB-0083-F2,Field 2,3.99,1996,Male,,,,,,
Nkabom,Silverstone Society,David Nguyen,NKB-0084,NKB-0084-F1,Field 1,0.52,1999,Male,NID-335452339-7,,+1577487894,2,6,
Nkabom,Silverstone Society,David Nguyen,NKB-0084,NKB-0084-F2,Field 2,3.01,1999,Male,,,,,,
Nkabom,Meadowbrook Society,Omar Silva,NKB-0085,NKB-0085-F1,Field 1,1.33,1999,Male,NID-416408451-0,,,8,0,No
Nkabom,Meadowbrook Society,Omar Silva,NKB-0085,NKB-0085-F2,Field 2,1.33,1999,Male,,,,,,
Nkabom,Silverstone Society,Sofia Patel,NKB-0086,NKB-0086-F1,Field 1,4.82,1972,Female,NID-246511787-2,,+1266648236,5,2,
Nkabom,Silverstone Society,Sofia Patel,NKB-0086,NKB-0086-F2,Field 2,0.62,1972,Female,,,,,,
Nkabom,Clearwater Society,Chen Wang,NKB-0087,NKB-0087-F1,Field 1,1.32,1994,Male,NID-220829975-2,,,2,0,
Nkabom,Sunbright Society,Chen Dubois,NKB-0088,NKB-0088-F1,Field 1,4.36,1960,Male,NID-464663224-0,,,6,0,Yes
Nkabom,Sunbright Society,James Garcia,NKB-0089,NKB-0089-F1,Field 1,3.19,1978,Male,NID-869252065-5,,+1223111745,2,6,Yes
Nkabom,Clearwater Society,Lucas Kim,NKB-0090,NKB-0090-F1,Field 1,4.92,1995,Male,,,+1203214442,2,1,Yes
Nkabom,Meadowbrook Society,Anna Patel,NKB-0091,NKB-0091-F1,Field 1,3.70,1963,Female,,,+1863240868,2,5,
Nkabom,Meadowbrook Society,Daniel Ivanov,NKB-0092,NKB-0092-F1,Field 1,2.98,1985,Male,NID-950056947-1,,,4,4,
Nkabom,Meadowbrook Society,Daniel Ivanov,NKB-0092,NKB-0092-F2,Field 2,2.30,1985,Male,,,,,,
Nkabom,Meadowbrook Society,James Nguyen,NKB-0093,NKB-0093-F1,Field 1,3.81,1972,Male,NID-295149294-9,,+1754076074,2,0,
Nkabom,Silverstone Society,Noah Ivanov,NKB-0094,NKB-0094-F1,Field 1,2.79,1979,Male,NID-945052932-2,,,3,2,
Nkabom,Hillcrest Society,Lucas Santos,NKB-0095,NKB-0095-F1,Field 1,0.97,1962,Male,NID-757493569-9,,+1500332965,9,1,
Nkabom,Hillcrest Society,Lucas Santos,NKB-0095,NKB-0095-F2,Field 2,2.09,1962,Male,,,,,,
Nkabom,Meadowbrook Society,Lucia Nguyen,NKB-0096,NKB-0096-F1,Field 1,2.99,1961,Female,,,,4,2,Yes
Nkabom,Meadowbrook Society,Lucia Nguyen,NKB-0096,NKB-0096-F2,Field 2,2.61,1961,Female,,,,,,
Nkabom,Silverstone Society,James Wang,NKB-0097,NKB-0097-F1,Field 1,3.58,1991,Male,,,+1459915190,9,3,
Nkabom,Silverstone Society,James Wang,NKB-0097,NKB-0097-F2,Field 2,2.35,1991,Male,,,,,,
Nkabom,Sunbright Society,Omar Reyes,NKB-0098,NKB-0098-F1,Field 1,2.53,1988,Male,,,,10,1,
Nkabom,Silverstone Society,Mateo Costa,NKB-0099,NKB-0099-F1,Field 1,0.79,1960,Male,,,+1033822853,7,6,Yes
Nkabom,Meadowbrook Society,Omar Khan,NKB-0100,NKB-0100-F1,Field 1,3.65,1997,Male,NID-822490816-4,,+1437909132,7,2,
Nkabom,Silverstone Society,Mateo Muller,NKB-0101,NKB-0101-F1,Field 1,2.17,1983,Male,,,,6,4,Yes
Nkabom,Sunbright Society,David Smith,NKB-0102,NKB-0102-F1,Field 1,1.24,1991,Male,NID-541675122-4,,,3,0,Yes
Nkabom,Sunbright Society,David Smith,NKB-0102,NKB-0102-F2,Field 2,3.37,1991,Male,,,,,,
Nkabom,Silverstone Society,Noah Nguyen,NKB-0103,NKB-0103-F1,Field 1,4.78,1966,Male,NID-597761738-7,,+1093471845,7,0,
Nkabom,Silverstone Society,Noah Nguyen,NKB-0103,NKB-0103-F2,Field 2,1.09,1966,Male,,,,,,
Nkabom,Hillcrest Society,Daniel Fischer,NKB-0104,NKB-0104-F1,Field 1,4.40,1964,Male,NID-230147857-1,,+1128439974,1,6,Yes
Nkabom,Hillcrest Society,Daniel Fischer,NKB-0104,NKB-0104-F2,Field 2,1.85,1964,Male,,,,,,
Nkabom,Clearwater Society,David Nguyen,NKB-0105,NKB-0105-F1,Field 1,3.18,1992,Male,NID-554281228-6,,,7,5,
Nkabom,Clearwater Society,David Nguyen,NKB-0105,NKB-0105-F2,Field 2,1.22,1992,Male,,,,,,
Nkabom,Silverstone Society,Chen Ivanov,NKB-0106,NKB-0106-F1,Field 1,3.22,1975,Male,,,,2,5,Yes
Nkabom,Clearwater Society,Elena Larsen,NKB-0107,NKB-0107-F1,Field 1,4.49,1960,Female,,,+1683600443,8,6,
Nkabom,Clearwater Society,Elena Larsen,NKB-0107,NKB-0107-F2,Field 2,3.67,1960,Female,,,,,,
Nkabom,Meadowbrook Society,David Reyes,NKB-0108,NKB-0108-F1,Field 1,0.86,1961,Male,NID-257977345-3,,,1,1,
Nkabom,Meadowbrook Society,David Reyes,NKB-0108,NKB-0108-F2,Field 2,4.32,1961,Male,,,,,,
Nkabom,Sunbright Society,Mei Larsen,NKB-0109,NKB-0109-F1,Field 1,1.93,1965,Female,,,+1917154966,2,4,Yes
Nkabom,Clearwater Society,Daniel Smith,NKB-0110,NKB-0110-F1,Field 1,3.38,1974,Male,,,+1941607792,10,4,No
Nkabom,Clearwater Society,Daniel Smith,NKB-0110,NKB-0110-F2,Field 2,3.80,1974,Male,,,,,,
Nkabom,Hillcrest Society,Mateo Rossi,NKB-0111,NKB-0111-F1,Field 1,0.72,1995,Male,NID-481158736-2,,+1470083407,2,1,No
Nkabom,Clearwater Society,David Andersson,NKB-0112,NKB-0112-F1,Field 1,3.56,1986,Male,NID-801109791-8,,+1171562583,10,3,
Nkabom,Meadowbrook Society,Noah Dubois,NKB-0113,NKB-0113-F1,Field 1,3.98,1969,Male,,,,6,4,
Nkabom,Clearwater Society,Daniel Nguyen,NKB-0114,NKB-0114-F1,Field 1,2.48,1995,Male,NID-527788137-8,,+1329779006,9,5,
Nkabom,Hillcrest Society,Maria Garcia,NKB-0115,NKB-0115-F1,Field 1,4.73,1990,Female,,,,5,6,
Nkabom,Silverstone Society,Omar Smith,NKB-0116,NKB-0116-F1,Field 1,3.53,1989,Male,NID-149689805-6,,,4,3,No
Nkabom,Hillcrest Society,David Garcia,NKB-0117,NKB-0117-F1,Field 1,4.13,1961,Male,NID-688490579-2,,+1719675451,2,3,
Adwuma,Clearwater Society,Noah Novak,ADW-0001,ADW-0001-F1,Field 1,2.23,1998,Male,NID-647827124-7,,+1698864530,10,3,Yes
Adwuma,Clearwater Society,Noah Novak,ADW-0001,ADW-0001-F2,Field 2,4.84,1998,Male,,,,,,
Adwuma,Clearwater Society,Mateo Larsen,ADW-0002,ADW-0002-F1,Field 1,4.16,1998,Male,,,+1229472765,5,0,Yes
Adwuma,Clearwater Society,Mateo Larsen,ADW-0002,ADW-0002-F2,Field 2,4.67,1998,Male,,,,,,
Adwuma,Brookside Society,Lucas Rossi,ADW-0003,ADW-0003-F1,Field 1,4.56,1983,Male,NID-840107002-1,,+1956258336,6,0,Yes
Adwuma,Brookside Society,Lucas Rossi,ADW-0003,ADW-0003-F2,Field 2,2.07,1983,Male,,,,,,
Adwuma,Greenvale Society,Arjun Dubois,ADW-0004,ADW-0004-F1,Field 1,2.53,1980,Male,NID-579632235-5,,+1626462589,9,4,No
Adwuma,Clearwater Society,Mei Smith,ADW-0005,ADW-0005-F1,Field 1,4.40,1976,Female,NID-922826132-2,,+1747391394,10,1,
Adwuma,Clearwater Society,Mei Smith,ADW-0005,ADW-0005-F2,Field 2,1.33,1976,Female,,,,,,
Adwuma,Cedarwood Society,David Fischer,ADW-0006,ADW-0006-F1,Field 1,1.72,1972,Male,NID-502355377-3,,+1089361444,10,3,
Adwuma,Clearwater Society,Arjun Larsen,ADW-0007,ADW-0007-F1,Field 1,0.85,1971,Male,NID-899177324-5,,+1580683671,5,3,
Adwuma,Clearwater Society,Arjun Larsen,ADW-0007,ADW-0007-F2,Field 2,2.71,1971,Male,,,,,,
Adwuma,Greenvale Society,Arjun Garcia,ADW-0008,ADW-0008-F1,Field 1,2.63,1965,Male,NID-434609878-8,,+1863550129,3,4,
Adwuma,Clearwater Society,Noah Wang,ADW-0009,ADW-0009-F1,Field 1,0.58,1963,Male,NID-593943010-1,,+1786337723,2,1,
Adwuma,Greenvale Society,Arjun Garcia,ADW-0010,ADW-0010-F1,Field 1,2.09,1980,Male,,,,1,0,No
Adwuma,Brookside Society,Aisha Novak,ADW-0011,ADW-0011-F1,Field 1,1.98,1965,Female,NID-797694499-5,,+1206767906,8,2,
Adwuma,Brookside Society,Aisha Novak,ADW-0011,ADW-0011-F2,Field 2,1.99,1965,Female,,,,,,
Adwuma,Clearwater Society,James Dubois,ADW-0012,ADW-0012-F1,Field 1,3.83,1965,Male,,,,6,0,
Adwuma,Clearwater Society,David Garcia,ADW-0013,ADW-0013-F1,Field 1,1.27,1988,Male,NID-827060961-6,,+1401259968,3,5,Yes
Adwuma,Greenvale Society,Noah Haddad,ADW-0014,ADW-0014-F1,Field 1,1.50,1980,Male,,,+1067366740,8,1,Yes
Adwuma,Cedarwood Society,Lucia Santos,ADW-0015,ADW-0015-F1,Field 1,2.42,1974,Female,,,+1666567420,3,2,
Adwuma,Brookside Society,Mateo Rossi,ADW-0016,ADW-0016-F1,Field 1,1.58,1980,Male,NID-039146981-3,,,9,3,
Adwuma,Brookside Society,Lucia Santos,ADW-0017,ADW-0017-F1,Field 1,4.95,1965,Female,,,,10,3,Yes
Adwuma,Cedarwood Society,Anna Santos,ADW-0018,ADW-0018-F1,Field 1,1.69,1999,Female,,,+1540002003,6,4,
Adwuma,Greenvale Society,Liam Andersson,ADW-0019,ADW-0019-F1,Field 1,1.82,1989,Male,,,,8,3,Yes
Adwuma,Greenvale Society,Liam Andersson,ADW-0019,ADW-0019-F2,Field 2,2.99,1989,Male,,,,,,
Adwuma,Cedarwood Society,Arjun Ivanov,ADW-0020,ADW-0020-F1,Field 1,2.38,1987,Male,NID-743579289-9,,+1870787691,6,6,No
Adwuma,Clearwater Society,David Dubois,ADW-0021,ADW-0021-F1,Field 1,3.62,1981,Male,NID-597489037-4,,+1954625864,4,0,No
Adwuma,Clearwater Society,David Dubois,ADW-0021,ADW-0021-F2,Field 2,2.74,1981,Male,,,,,,
Adwuma,Brookside Society,James Nguyen,ADW-0022,ADW-0022-F1,Field 1,0.90,1975,Male,,,,10,2,
Adwuma,Brookside Society,James Nguyen,ADW-0022,ADW-0022-F2,Field 2,4.64,1975,Male,,,,,,
Adwuma,Silverstone Society,Fatima Silva,ADW-0023,ADW-0023-F1,Field 1,0.89,1976,Female,NID-684522942-1,,+1713178452,2,1,
Adwuma,Clearwater Society,Mei Patel,ADW-0024,ADW-0024-F1,Field 1,1.76,1973,Female,NID-753835599-8,,,7,6,Yes
Adwuma,Brookside Society,Noah Garcia,ADW-0025,ADW-0025-F1,Field 1,2.19,1986,Male,NID-599477207-1,,+1904615805,2,5,Yes
Adwuma,Brookside Society,Lucas Santos,ADW-0026,ADW-0026-F1,Field 1,2.62,1983,Male,NID-155088643-8,,+1055890117,4,4,
Adwuma,Brookside Society,Lucas Santos,ADW-0026,ADW-0026-F2,Field 2,2.98,1983,Male,,,,,,
Adwuma,Silverstone Society,Mei Khan,ADW-0027,ADW-0027-F1,Field 1,1.16,1963,Female,NID-922317940-2,,+1636167311,1,6,Yes
Adwuma,Brookside Society,Mateo Haddad,ADW-0028,ADW-0028-F1,Field 1,0.80,1989,Male,NID-465517834-0,,+1250438994,3,1,No
Adwuma,Cedarwood Society,David Muller,ADW-0029,ADW-0029-F1,Field 1,3.60,1989,Male,,,+1177927071,1,4,Yes
Adwuma,Cedarwood Society,David Muller,ADW-0029,ADW-0029-F2,Field 2,1.76,1989,Male,,,,,,
Adwuma,Greenvale Society,Mateo Haddad,ADW-0030,ADW-0030-F1,Field 1,3.74,1977,Male,,,+1661082548,1,5,
Adwuma,Greenvale Society,Lucia Garcia,ADW-0031,ADW-0031-F1,Field 1,2.67,1981,Female,NID-239942462-1,,+1320368417,5,3,
Adwuma,Greenvale Society,Lucia Garcia,ADW-0031,ADW-0031-F2,Field 2,1.50,1981,Female,,,,,,
Adwuma,Greenvale Society,James Garcia,ADW-0032,ADW-0032-F1,Field 1,1.49,1999,Male,NID-929242564-8,,,7,4,
Adwuma,Greenvale Society,James Garcia,ADW-0032,ADW-0032-F2,Field 2,2.26,1999,Male,,,,,,
Adwuma,Brookside Society,Priya Costa,ADW-0033,ADW-0033-F1,Field 1,1.52,1974,Female,NID-026255363-1,,+1723261795,6,6,Yes
Adwuma,Cedarwood Society,Maria Reyes,ADW-0034,ADW-0034-F1,Field 1,2.96,1996,Female,,,+1146057435,10,4,
Adwuma,Cedarwood Society,Maria Reyes,ADW-0034,ADW-0034-F2,Field 2,4.14,1996,Female,,,,,,
Adwuma,Greenvale Society,Chen Ivanov,ADW-0035,ADW-0035-F1,Field 1,0.95,1990,Male,NID-837334768-9,,+1313858863,4,6,Yes
Adwuma,Greenvale Society,Chen Ivanov,ADW-0035,ADW-0035-F2,Field 2,2.53,1990,Male,,,,,,
Adwuma,Greenvale Society,Omar Novak,ADW-0036,ADW-0036-F1,Field 1,2.94,1995,Male,NID-861625648-7,,+1377284150,9,5,
Adwuma,Clearwater Society,Mei Costa,ADW-0037,ADW-0037-F1,Field 1,3.64,2000,Female,,,+1835750300,1,1,
Adwuma,Silverstone Society,Arjun Patel,ADW-0038,ADW-0038-F1,Field 1,1.95,1990,Male,NID-069161078-5,,+1762761184,6,6,
Adwuma,Cedarwood Society,Lucas Dubois,ADW-0039,ADW-0039-F1,Field 1,0.60,1965,Male,,,+1579634923,4,5,Yes
Adwuma,Brookside Society,James Andersson,ADW-0040,ADW-0040-F1,Field 1,2.84,1988,Male,NID-162444180-5,,+1412930331,9,0,Yes
Adwuma,Greenvale Society,Maria Khan,ADW-0041,ADW-0041-F1,Field 1,1.52,1971,Female,NID-167687588-2,,+1768790175,4,6,
Adwuma,Brookside Society,Lucas Santos,ADW-0042,ADW-0042-F1,Field 1,1.74,1964,Male,,,+1431697270,9,5,Yes
Adwuma,Brookside Society,Lucas Santos,ADW-0042,ADW-0042-F2,Field 2,1.36,1964,Male,,,,,,
Adwuma,Silverstone Society,Sarah Rossi,ADW-0043,ADW-0043-F1,Field 1,2.78,1976,Female,NID-447699942-8,,+1644514826,4,6,
Adwuma,Clearwater Society,Daniel Wang,ADW-0044,ADW-0044-F1,Field 1,1.48,1990,Male,,,+1197310362,5,6,
Adwuma,Clearwater Society,Daniel Wang,ADW-0044,ADW-0044-F2,Field 2,3.23,1990,Male,,,,,,
Adwuma,Greenvale Society,Lucas Costa,ADW-0045,ADW-0045-F1,Field 1,2.76,1995,Male,NID-021153915-3,,,5,6,
Adwuma,Greenvale Society,Lucas Costa,ADW-0045,ADW-0045-F2,Field 2,1.16,1995,Male,,,,,,
Adwuma,Silverstone Society,David Silva,ADW-0046,ADW-0046-F1,Field 1,1.34,1983,Male,,,,9,5,
Adwuma,Brookside Society,Daniel Dubois,ADW-0047,ADW-0047-F1,Field 1,0.99,1981,Male,,,,10,5,
Adwuma,Brookside Society,Daniel Dubois,ADW-0047,ADW-0047-F2,Field 2,2.14,1981,Male,,,,,,
Adwuma,Silverstone Society,Lucas Kim,ADW-0048,ADW-0048-F1,Field 1,0.88,1976,Male,NID-086887200-0,,,1,4,Yes
Adwuma,Silverstone Society,Lucas Kim,ADW-0048,ADW-0048-F2,Field 2,0.57,1976,Male,,,,,,
Adwuma,Silverstone Society,Chen Muller,ADW-0049,ADW-0049-F1,Field 1,0.92,1963,Male,,,+1465610829,2,3,Yes
Adwuma,Clearwater Society,Sarah Khan,ADW-0050,ADW-0050-F1,Field 1,1.37,1973,Female,NID-456841876-8,,,1,0,
Adwuma,Clearwater Society,Sarah Costa,ADW-0051,ADW-0051-F1,Field 1,4.30,1966,Female,NID-075810021-4,,,3,3,
Adwuma,Greenvale Society,Daniel Smith,ADW-0052,ADW-0052-F1,Field 1,1.90,1979,Male,NID-982336161-5,,,7,4,No
Adwuma,Greenvale Society,Daniel Smith,ADW-0052,ADW-0052-F2,Field 2,0.97,1979,Male,,,,,,
Adwuma,Clearwater Society,Omar Khan,ADW-0053,ADW-0053-F1,Field 1,2.14,1971,Male,NID-604814407-4,,,3,5,
Adwuma,Clearwater Society,Omar Khan,ADW-0053,ADW-0053-F2,Field 2,1.02,1971,Male,,,,,,
Adwuma,Clearwater Society,Arjun Smith,ADW-0054,ADW-0054-F1,Field 1,4.74,1971,Male,NID-460279858-5,,+1189923824,7,1,
Adwuma,Clearwater Society,Arjun Smith,ADW-0054,ADW-0054-F2,Field 2,0.56,1971,Male,,,,,,
Adwuma,Cedarwood Society,Sarah Khan,ADW-0055,ADW-0055-F1,Field 1,4.81,1993,Female,,,,10,1,
Adwuma,Clearwater Society,David Larsen,ADW-0056,ADW-0056-F1,Field 1,3.36,1995,Male,,,+1037281123,2,0,Yes
Adwuma,Silverstone Society,Noah Reyes,ADW-0057,ADW-0057-F1,Field 1,0.66,1992,Male,NID-157386374-6,,+1279403428,5,4,
Adwuma,Greenvale Society,Noah Muller,ADW-0058,ADW-0058-F1,Field 1,4.61,1980,Male,NID-503341032-5,,+1641261059,3,4,Yes
Adwuma,Greenvale Society,Noah Muller,ADW-0058,ADW-0058-F2,Field 2,4.41,1980,Male,,,,,,
Adwuma,Silverstone Society,Omar Garcia,ADW-0059,ADW-0059-F1,Field 1,3.29,1985,Male,NID-308951126-8,,+1684905858,5,4,No
Adwuma,Cedarwood Society,Noah Larsen,ADW-0060,ADW-0060-F1,Field 1,4.32,1975,Male,NID-154894533-2,,+1156262390,1,1,Yes
Adwuma,Cedarwood Society,Noah Larsen,ADW-0060,ADW-0060-F2,Field 2,0.79,1975,Male,,,,,,
Adwuma,Cedarwood Society,James Silva,ADW-0061,ADW-0061-F1,Field 1,2.94,1985,Male,,,+1829421545,10,6,Yes
Adwuma,Cedarwood Society,Mateo Dubois,ADW-0062,ADW-0062-F1,Field 1,3.14,1970,Male,,,,5,6,Yes
Adwuma,Cedarwood Society,Mateo Dubois,ADW-0062,ADW-0062-F2,Field 2,0.83,1970,Male,,,,,,
Adwuma,Clearwater Society,Noah Ivanov,ADW-0063,ADW-0063-F1,Field 1,4.55,1987,Male,NID-913216321-4,,+1597660520,5,5,
Adwuma,Clearwater Society,Anna Patel,ADW-0064,ADW-0064-F1,Field 1,1.80,1981,Female,NID-097790961-3,,,9,0,No
Adwuma,Clearwater Society,Anna Patel,ADW-0064,ADW-0064-F2,Field 2,4.74,1981,Female,,,,,,
Adwuma,Silverstone Society,Fatima Kim,ADW-0065,ADW-0065-F1,Field 1,1.82,1967,Female,,,+1476464226,6,6,Yes
Adwuma,Cedarwood Society,David Ivanov,ADW-0066,ADW-0066-F1,Field 1,2.74,1964,Male,,,,9,3,Yes
Adwuma,Greenvale Society,Chen Smith,ADW-0067,ADW-0067-F1,Field 1,0.68,1991,Male,,,+1205971338,1,2,Yes
Adwuma,Greenvale Society,Chen Smith,ADW-0067,ADW-0067-F2,Field 2,2.82,1991,Male,,,,,,
Adwuma,Silverstone Society,Aisha Larsen,ADW-0068,ADW-0068-F1,Field 1,4.05,1995,Female,NID-048970141-2,,+1106186827,2,3,Yes
Adwuma,Cedarwood Society,Mateo Dubois,ADW-0069,ADW-0069-F1,Field 1,4.92,1999,Male,NID-658240731-7,,+1461683510,5,5,No
Adwuma,Cedarwood Society,Mateo Dubois,ADW-0069,ADW-0069-F2,Field 2,2.00,1999,Male,,,,,,
Adwuma,Cedarwood Society,David Muller,ADW-0070,ADW-0070-F1,Field 1,1.15,1998,Male,NID-505922679-1,,+1717069910,1,4,No
Adwuma,Silverstone Society,Sarah Patel,ADW-0071,ADW-0071-F1,Field 1,2.46,1981,Female,,,+1688893355,5,1,Yes
Adwuma,Silverstone Society,David Muller,ADW-0072,ADW-0072-F1,Field 1,4.55,1974,Male,NID-595048488-4,,+1617650082,1,3,Yes
Adwuma,Silverstone Society,David Muller,ADW-0072,ADW-0072-F2,Field 2,4.43,1974,Male,,,,,,
Adwuma,Silverstone Society,Lucia Rossi,ADW-0073,ADW-0073-F1,Field 1,3.61,1988,Female,NID-919411163-4,,+1684868930,6,0,
Adwuma,Silverstone Society,Lucia Rossi,ADW-0073,ADW-0073-F2,Field 2,2.37,1988,Female,,,,,,
Adwuma,Silverstone Society,Fatima Andersson,ADW-0074,ADW-0074-F1,Field 1,4.19,1989,Female,NID-347614743-0,,+1667605664,1,6,Yes
Adwuma,Silverstone Society,Fatima Andersson,ADW-0074,ADW-0074-F2,Field 2,0.52,1989,Female,,,,,,
Adwuma,Greenvale Society,Liam Santos,ADW-0075,ADW-0075-F1,Field 1,1.43,1991,Male,,,+1743844510,6,2,
Adwuma,Greenvale Society,David Dubois,ADW-0076,ADW-0076-F1,Field 1,4.72,2000,Male,NID-536965545-2,,+1526589356,8,6,
Adwuma,Greenvale Society,David Dubois,ADW-0076,ADW-0076-F2,Field 2,2.80,2000,Male,,,,,,
Adwuma,Clearwater Society,Liam Dubois,ADW-0077,ADW-0077-F1,Field 1,1.29,1975,Male,,,+1747241766,4,2,
Adwuma,Cedarwood Society,Maria Silva,ADW-0078,ADW-0078-F1,Field 1,2.77,1996,Female,,,,8,5,
Adwuma,Cedarwood Society,Maria Silva,ADW-0078,ADW-0078-F2,Field 2,3.09,1996,Female,,,,,,
Adwuma,Cedarwood Society,Chen Muller,ADW-0079,ADW-0079-F1,Field 1,3.92,1984,Male,NID-636873926-8,,,4,1,Yes
Adwuma,Cedarwood Society,Lucas Smith,ADW-0080,ADW-0080-F1,Field 1,3.30,1998,Male,NID-922584740-6,,+1951195692,6,1,Yes
Adwuma,Cedarwood Society,Lucas Smith,ADW-0080,ADW-0080-F2,Field 2,3.36,1998,Male,,,,,,
Adwuma,Silverstone Society,Arjun Wang,ADW-0081,ADW-0081-F1,Field 1,2.26,1965,Male,,,+1597644360,10,0,
Adwuma,Clearwater Society,Lucas Kim,ADW-0082,ADW-0082-F1,Field 1,3.31,1981,Male,NID-881689614-0,,,7,5,
Adwuma,Greenvale Society,David Haddad,ADW-0083,ADW-0083-F1,Field 1,4.01,1972,Male,NID-333397451-9,,,6,1,Yes
Adwuma,Greenvale Society,David Haddad,ADW-0083,ADW-0083-F2,Field 2,1.67,1972,Male,,,,,,
Adwuma,Greenvale Society,Maria Garcia,ADW-0084,ADW-0084-F1,Field 1,4.30,1979,Female,NID-064961508-5,,+1853282269,7,6,
Adwuma,Greenvale Society,Liam Ivanov,ADW-0085,ADW-0085-F1,Field 1,0.73,1976,Male,NID-254987909-5,,+1736862228,4,0,
Adwuma,Clearwater Society,Omar Fischer,ADW-0086,ADW-0086-F1,Field 1,3.85,1974,Male,,,,8,1,
Adwuma,Clearwater Society,Omar Fischer,ADW-0086,ADW-0086-F2,Field 2,1.79,1974,Male,,,,,,
Adwuma,Greenvale Society,Mateo Dubois,ADW-0087,ADW-0087-F1,Field 1,2.56,1980,Male,NID-705154751-5,,+1091342144,2,6,Yes
Adwuma,Clearwater Society,Daniel Reyes,ADW-0088,ADW-0088-F1,Field 1,1.77,1984,Male,,,+1253112397,7,5,Yes
Adwuma,Clearwater Society,Daniel Reyes,ADW-0088,ADW-0088-F2,Field 2,2.64,1984,Male,,,,,,
Adwuma,Silverstone Society,Daniel Reyes,ADW-0089,ADW-0089-F1,Field 1,0.64,1971,Male,,,,10,4,Yes
Adwuma,Silverstone Society,Daniel Reyes,ADW-0089,ADW-0089-F2,Field 2,2.63,1971,Male,,,,,,
Adwuma,Silverstone Society,Chen Santos,ADW-0090,ADW-0090-F1,Field 1,4.95,1979,Male,NID-946373983-2,,+1866124984,5,1,No
Adwuma,Silverstone Society,Chen Santos,ADW-0090,ADW-0090-F2,Field 2,4.95,1979,Male,,,,,,
Adwuma,Brookside Society,Arjun Muller,ADW-0091,ADW-0091-F1,Field 1,2.42,1981,Male,NID-222844778-4,,+1286805429,2,3,
Adwuma,Brookside Society,Arjun Muller,ADW-0091,ADW-0091-F2,Field 2,3.58,1981,Male,,,,,,
Adwuma,Clearwater Society,Lucas Costa,ADW-0092,ADW-0092-F1,Field 1,1.14,1986,Male,NID-469034483-3,,+1348768984,4,6,
Adwuma,Silverstone Society,James Muller,ADW-0093,ADW-0093-F1,Field 1,0.54,1993,Male,,,,4,5,
Adwuma,Brookside Society,Lucas Garcia,ADW-0094,ADW-0094-F1,Field 1,2.83,2000,Male,NID-990746558-5,,,5,2,Yes
Adwuma,Brookside Society,Lucas Garcia,ADW-0094,ADW-0094-F2,Field 2,2.60,2000,Male,,,,,,
Adwuma,Cedarwood Society,Daniel Khan,ADW-0095,ADW-0095-F1,Field 1,1.57,1994,Male,NID-045479760-1,,+1269084668,5,3,Yes
Adwuma,Cedarwood Society,Daniel Khan,ADW-0095,ADW-0095-F2,Field 2,3.62,1994,Male,,,,,,
Adwuma,Brookside Society,Chen Larsen,ADW-0096,ADW-0096-F1,Field 1,2.92,1960,Male,,,+1552855661,6,2,Yes
Adwuma,Brookside Society,Chen Larsen,ADW-0096,ADW-0096-F2,Field 2,3.65,1960,Male,,,,,,
Adwuma,Clearwater Society,Chen Kim,ADW-0097,ADW-0097-F1,Field 1,0.79,1986,Male,,,+1623546905,4,5,
Adwuma,Cedarwood Society,Arjun Santos,ADW-0098,ADW-0098-F1,Field 1,4.68,1986,Male,,,+1682196299,6,0,No
Adwuma,Cedarwood Society,Arjun Santos,ADW-0098,ADW-0098-F2,Field 2,2.04,1986,Male,,,,,,
Adwuma,Brookside Society,Arjun Reyes,ADW-0099,ADW-0099-F1,Field 1,3.96,1968,Male,NID-920842948-2,,+1663067414,5,2,Yes
Adwuma,Brookside Society,Arjun Reyes,ADW-0099,ADW-0099-F2,Field 2,1.11,1968,Male,,,,,,
Adwuma,Brookside Society,Mateo Reyes,ADW-0100,ADW-0100-F1,Field 1,2.34,1964,Male,,,+1361463125,4,1,Yes
Adwuma,Brookside Society,Mateo Reyes,ADW-0100,ADW-0100-F2,Field 2,3.33,1964,Male,,,,,,
Adwuma,Brookside Society,Chen Kim,ADW-0101,ADW-0101-F1,Field 1,2.43,1962,Male,NID-402553206-9,,,1,2,Yes
Adwuma,Brookside Society,Chen Kim,ADW-0101,ADW-0101-F2,Field 2,3.89,1962,Male,,,,,,
Adwuma,Silverstone Society,Mateo Khan,ADW-0102,ADW-0102-F1,Field 1,3.84,1990,Male,,,+1721855182,4,1,No
Adwuma,Silverstone Society,Fatima Reyes,ADW-0103,ADW-0103-F1,Field 1,3.46,1988,Female,NID-268527336-1,,+1554488749,7,2,No
Adwuma,Cedarwood Society,Arjun Fischer,ADW-0104,ADW-0104-F1,Field 1,4.16,1961,Male,NID-123445332-9,,+1096242072,1,0,
Adwuma,Cedarwood Society,Arjun Fischer,ADW-0104,ADW-0104-F2,Field 2,5.00,1961,Male,,,,,,
Adwuma,Brookside Society,Lucas Wang,ADW-0105,ADW-0105-F1,Field 1,2.07,1994,Male,NID-061591293-8,,+1230570143,7,5,
Adwuma,Brookside Society,Lucas Wang,ADW-0105,ADW-0105-F2,Field 2,4.48,1994,Male,,,,,,
Adwuma,Brookside Society,Noah Reyes,ADW-0106,ADW-0106-F1,Field 1,1.45,1997,Male,,,+1495454701,8,0,Yes
Adwuma,Clearwater Society,Arjun Fischer,ADW-0107,ADW-0107-F1,Field 1,1.75,1970,Male,,,+1062512107,3,5,
Adwuma,Greenvale Society,Lucas Santos,ADW-0108,ADW-0108-F1,Field 1,2.20,1986,Male,,,+1273168138,10,6,
Adwuma,Silverstone Society,Maria Rossi,ADW-0109,ADW-0109-F1,Field 1,3.27,1991,Female,NID-274180223-3,,,1,6,
Adwuma,Brookside Society,Mateo Haddad,ADW-0110,ADW-0110-F1,Field 1,4.26,1989,Male,NID-911217146-4,,+1763744841,2,1,No
Adwuma,Silverstone Society,Omar Andersson,ADW-0111,ADW-0111-F1,Field 1,4.65,1966,Male,NID-616778425-3,,+1900489239,7,5,
Adwuma,Brookside Society,David Reyes,ADW-0112,ADW-0112-F1,Field 1,0.80,1960,Male,,,,7,3,
Adwuma,Brookside Society,David Reyes,ADW-0112,ADW-0112-F2,Field 2,2.81,1960,Male,,,,,,
Adwuma,Cedarwood Society,Omar Reyes,ADW-0113,ADW-0113-F1,Field 1,2.95,1977,Male,NID-335617109-0,,+1534932075,6,5,No
Adwuma,Greenvale Society,James Reyes,ADW-0114,ADW-0114-F1,Field 1,3.06,1962,Male,,,,10,6,Yes
Adwuma,Greenvale Society,James Reyes,ADW-0114,ADW-0114-F2,Field 2,3.68,1962,Male,,,,,,
Adwuma,Cedarwood Society,Priya Haddad,ADW-0115,ADW-0115-F1,Field 1,3.59,1996,Female,,,+1586537506,7,0,Yes
Adwuma,Clearwater Society,Chen Smith,ADW-0116,ADW-0116-F1,Field 1,1.46,1998,Male,,,,10,0,Yes
Adwuma,Clearwater Society,Chen Smith,ADW-0116,ADW-0116-F2,Field 2,4.82,1998,Male,,,,,,
Adwuma,Cedarwood Society,Chen Wang,ADW-0117,ADW-0117-F1,Field 1,4.76,1992,Male,,,,8,1,
Adwuma,Cedarwood Society,Chen Wang,ADW-0117,ADW-0117-F2,Field 2,1.22,1992,Male,,,,,,
Aboma,Greenvale Society,James Smith,ABM-0001,ABM-0001-F1,Field 1,1.19,1998,Male,NID-072015414-1,,,2,3,Yes
Aboma,Northfield Society,Omar Patel,ABM-0002,ABM-0002-F1,Field 1,0.83,1974,Male,NID-102505102-4,,+1260537539,7,5,
Aboma,Brookside Society,Daniel Larsen,ABM-0003,ABM-0003-F1,Field 1,3.48,1993,Male,,,,10,0,Yes
Aboma,Greenvale Society,Lucas Novak,ABM-0004,ABM-0004-F1,Field 1,4.10,1968,Male,,,+1525369300,6,5,Yes
Aboma,Greenvale Society,Mei Ivanov,ABM-0005,ABM-0005-F1,Field 1,3.20,1985,Female,NID-415912056-8,,+1654176817,1,6,No
Aboma,Greenvale Society,Mei Ivanov,ABM-0005,ABM-0005-F2,Field 2,2.33,1985,Female,,,,,,
Aboma,Eastwood Society,Liam Costa,ABM-0006,ABM-0006-F1,Field 1,4.67,1978,Male,NID-997213699-8,,+1924451715,3,0,No
Aboma,Northfield Society,Sofia Larsen,ABM-0007,ABM-0007-F1,Field 1,2.34,1999,Female,,,,2,0,
Aboma,Greenvale Society,Daniel Larsen,ABM-0008,ABM-0008-F1,Field 1,2.92,1966,Male,,,+1427168358,5,0,
Aboma,Brookside Society,Mateo Wang,ABM-0009,ABM-0009-F1,Field 1,1.68,2000,Male,,,+1722887188,3,4,Yes
Aboma,Brookside Society,Mateo Wang,ABM-0009,ABM-0009-F2,Field 2,2.70,2000,Male,,,,,,
Aboma,Brookside Society,Noah Costa,ABM-0010,ABM-0010-F1,Field 1,1.75,1987,Male,NID-246343852-6,,+1883074781,4,6,Yes
Aboma,Brookside Society,Noah Costa,ABM-0010,ABM-0010-F2,Field 2,2.29,1987,Male,,,,,,
Aboma,Brookside Society,Mei Fischer,ABM-0011,ABM-0011-F1,Field 1,3.83,1990,Female,NID-326197596-8,,+1789016294,10,2,Yes
Aboma,Greenvale Society,Mateo Haddad,ABM-0012,ABM-0012-F1,Field 1,2.67,1993,Male,,,+1937738541,3,5,
Aboma,Greenvale Society,Mateo Haddad,ABM-0012,ABM-0012-F2,Field 2,2.80,1993,Male,,,,,,
Aboma,Eastwood Society,James Silva,ABM-0013,ABM-0013-F1,Field 1,2.10,1978,Male,NID-327410133-3,,+1620561866,8,4,Yes
Aboma,Brookside Society,Mateo Smith,ABM-0014,ABM-0014-F1,Field 1,2.89,1999,Male,NID-538920218-7,,+1091467935,9,2,No
Aboma,Brookside Society,Mateo Smith,ABM-0014,ABM-0014-F2,Field 2,4.85,1999,Male,,,,,,
Aboma,Greenvale Society,Noah Nguyen,ABM-0015,ABM-0015-F1,Field 1,1.11,1975,Male,,,+1818821881,8,3,No
Aboma,Greenvale Society,Noah Nguyen,ABM-0015,ABM-0015-F2,Field 2,2.23,1975,Male,,,,,,
Aboma,Riverside Society,Sofia Garcia,ABM-0016,ABM-0016-F1,Field 1,2.28,1968,Female,NID-208921164-2,,+1774662680,2,1,
Aboma,Riverside Society,Sofia Garcia,ABM-0016,ABM-0016-F2,Field 2,1.81,1968,Female,,,,,,
Aboma,Riverside Society,David Rossi,ABM-0017,ABM-0017-F1,Field 1,0.63,1971,Male,,,,2,1,
Aboma,Riverside Society,David Rossi,ABM-0017,ABM-0017-F2,Field 2,3.20,1971,Male,,,,,,
Aboma,Greenvale Society,Elena Kim,ABM-0018,ABM-0018-F1,Field 1,2.71,1998,Female,,,+1553863678,9,3,Yes
Aboma,Greenvale Society,Elena Kim,ABM-0018,ABM-0018-F2,Field 2,4.52,1998,Female,,,,,,
Aboma,Brookside Society,Sofia Haddad,ABM-0019,ABM-0019-F1,Field 1,0.67,1989,Female,,,+1655056906,10,0,No
Aboma,Brookside Society,Sofia Haddad,ABM-0019,ABM-0019-F2,Field 2,1.06,1989,Female,,,,,,
Aboma,Brookside Society,Lucia Haddad,ABM-0020,ABM-0020-F1,Field 1,3.14,1999,Female,NID-257156458-5,,,8,6,
Aboma,Northfield Society,James Fischer,ABM-0021,ABM-0021-F1,Field 1,1.87,1991,Male,,,+1652320622,6,4,Yes
Aboma,Northfield Society,James Fischer,ABM-0021,ABM-0021-F2,Field 2,1.35,1991,Male,,,,,,
Aboma,Brookside Society,Liam Rossi,ABM-0022,ABM-0022-F1,Field 1,1.16,1982,Male,NID-154582407-4,,,5,3,Yes
Aboma,Brookside Society,David Garcia,ABM-0023,ABM-0023-F1,Field 1,4.92,1969,Male,NID-762025802-8,,+1914210853,3,4,No
Aboma,Brookside Society,David Haddad,ABM-0024,ABM-0024-F1,Field 1,3.78,1965,Male,NID-872770176-6,,+1244554292,2,4,Yes
Aboma,Brookside Society,David Ivanov,ABM-0025,ABM-0025-F1,Field 1,1.44,1986,Male,NID-261524285-5,,,10,4,No
Aboma,Brookside Society,David Ivanov,ABM-0025,ABM-0025-F2,Field 2,1.67,1986,Male,,,,,,
Aboma,Greenvale Society,Chen Costa,ABM-0026,ABM-0026-F1,Field 1,2.46,1974,Male,NID-555766462-5,,+1817982151,2,0,Yes
Aboma,Riverside Society,Lucas Smith,ABM-0027,ABM-0027-F1,Field 1,3.95,1984,Male,NID-382290800-3,,+1625667537,1,2,No
Aboma,Riverside Society,Lucas Smith,ABM-0027,ABM-0027-F2,Field 2,3.58,1984,Male,,,,,,
Aboma,Greenvale Society,Lucas Garcia,ABM-0028,ABM-0028-F1,Field 1,3.47,1981,Male,,,+1974063034,10,4,
Aboma,Eastwood Society,Chen Fischer,ABM-0029,ABM-0029-F1,Field 1,1.79,1973,Male,NID-642417250-7,,+1579496890,2,0,Yes
Aboma,Eastwood Society,Chen Fischer,ABM-0029,ABM-0029-F2,Field 2,0.84,1973,Male,,,,,,
Aboma,Riverside Society,Lucia Wang,ABM-0030,ABM-0030-F1,Field 1,1.06,1976,Female,NID-080617591-8,,+1686825922,9,1,
Aboma,Riverside Society,Chen Patel,ABM-0031,ABM-0031-F1,Field 1,3.42,1982,Male,NID-758230512-1,,+1277810259,6,1,No
Aboma,Riverside Society,Chen Patel,ABM-0031,ABM-0031-F2,Field 2,2.35,1982,Male,,,,,,
Aboma,Riverside Society,Mateo Haddad,ABM-0032,ABM-0032-F1,Field 1,1.07,1976,Male,,,+1088892956,5,2,Yes
Aboma,Riverside Society,Mateo Haddad,ABM-0032,ABM-0032-F2,Field 2,2.70,1976,Male,,,,,,
Aboma,Eastwood Society,Arjun Nguyen,ABM-0033,ABM-0033-F1,Field 1,1.88,1976,Male,NID-211564222-6,,+1088421947,5,4,
Aboma,Brookside Society,Lucia Silva,ABM-0034,ABM-0034-F1,Field 1,4.67,1991,Female,NID-247675642-2,,+1192915522,10,6,Yes
Aboma,Brookside Society,Lucia Silva,ABM-0034,ABM-0034-F2,Field 2,2.44,1991,Female,,,,,,
Aboma,Eastwood Society,David Reyes,ABM-0035,ABM-0035-F1,Field 1,2.59,1986,Male,NID-613053457-3,,,4,3,No
Aboma,Brookside Society,Arjun Garcia,ABM-0036,ABM-0036-F1,Field 1,4.28,1966,Male,NID-594638949-6,,+1875160554,4,2,
Aboma,Brookside Society,Arjun Garcia,ABM-0036,ABM-0036-F2,Field 2,1.87,1966,Male,,,,,,
Aboma,Brookside Society,Mateo Garcia,ABM-0037,ABM-0037-F1,Field 1,0.58,1996,Male,NID-425929223-7,,,8,4,
Aboma,Greenvale Society,Sofia Silva,ABM-0038,ABM-0038-F1,Field 1,2.17,1970,Female,,,,7,2,
Aboma,Greenvale Society,Sofia Silva,ABM-0038,ABM-0038-F2,Field 2,2.11,1970,Female,,,,,,
Aboma,Riverside Society,Arjun Larsen,ABM-0039,ABM-0039-F1,Field 1,3.91,1969,Male,,,,4,2,Yes
Aboma,Riverside Society,Arjun Larsen,ABM-0039,ABM-0039-F2,Field 2,3.76,1969,Male,,,,,,
Aboma,Northfield Society,James Rossi,ABM-0040,ABM-0040-F1,Field 1,2.48,1985,Male,NID-368150049-8,,+1241626294,5,4,Yes
Aboma,Northfield Society,James Rossi,ABM-0040,ABM-0040-F2,Field 2,1.11,1985,Male,,,,,,
Aboma,Greenvale Society,Mei Reyes,ABM-0041,ABM-0041-F1,Field 1,3.22,1987,Female,,,+1782630201,3,0,Yes
Aboma,Riverside Society,Priya Garcia,ABM-0042,ABM-0042-F1,Field 1,1.87,1982,Female,,,,4,6,
Aboma,Riverside Society,Priya Garcia,ABM-0042,ABM-0042-F2,Field 2,3.27,1982,Female,,,,,,
Aboma,Greenvale Society,Arjun Muller,ABM-0043,ABM-0043-F1,Field 1,0.61,1982,Male,NID-794800689-9,,+1181415200,6,3,Yes
Aboma,Riverside Society,Aisha Santos,ABM-0044,ABM-0044-F1,Field 1,0.82,1983,Female,,,+1161609915,10,6,
Aboma,Riverside Society,Elena Kim,ABM-0045,ABM-0045-F1,Field 1,3.70,1994,Female,NID-436962086-6,,,1,4,Yes
Aboma,Riverside Society,Elena Kim,ABM-0045,ABM-0045-F2,Field 2,1.36,1994,Female,,,,,,
Aboma,Brookside Society,Mateo Andersson,ABM-0046,ABM-0046-F1,Field 1,2.29,1998,Male,,,,10,2,No
Aboma,Riverside Society,Lucas Kim,ABM-0047,ABM-0047-F1,Field 1,1.68,1972,Male,NID-936107058-3,,+1405779239,10,2,Yes
Aboma,Riverside Society,Mateo Haddad,ABM-0048,ABM-0048-F1,Field 1,0.77,1970,Male,,,+1812377809,4,6,Yes
Aboma,Riverside Society,Mateo Haddad,ABM-0048,ABM-0048-F2,Field 2,2.62,1970,Male,,,,,,
Aboma,Greenvale Society,Chen Patel,ABM-0049,ABM-0049-F1,Field 1,4.40,1962,Male,NID-682068387-4,,,3,0,
Aboma,Riverside Society,David Novak,ABM-0050,ABM-0050-F1,Field 1,2.34,1972,Male,,,+1074594759,2,5,Yes
Aboma,Riverside Society,Aisha Dubois,ABM-0051,ABM-0051-F1,Field 1,2.24,1966,Female,,,,4,1,
Aboma,Riverside Society,Aisha Dubois,ABM-0051,ABM-0051-F2,Field 2,2.88,1966,Female,,,,,,
Aboma,Eastwood Society,Anna Smith,ABM-0052,ABM-0052-F1,Field 1,3.80,1985,Female,NID-977024814-0,,,1,1,
Aboma,Eastwood Society,Anna Smith,ABM-0052,ABM-0052-F2,Field 2,0.83,1985,Female,,,,,,
Aboma,Greenvale Society,Chen Khan,ABM-0053,ABM-0053-F1,Field 1,3.77,1991,Male,NID-923655026-5,,,9,4,Yes
Aboma,Greenvale Society,Chen Khan,ABM-0053,ABM-0053-F2,Field 2,0.72,1991,Male,,,,,,
Aboma,Riverside Society,Sarah Haddad,ABM-0054,ABM-0054-F1,Field 1,4.27,1984,Female,,,+1856929513,7,0,No
Aboma,Riverside Society,Mateo Patel,ABM-0055,ABM-0055-F1,Field 1,4.72,1979,Male,,,,5,1,Yes
Aboma,Brookside Society,David Kim,ABM-0056,ABM-0056-F1,Field 1,2.04,1985,Male,NID-833754822-7,,,7,5,Yes
Aboma,Brookside Society,David Kim,ABM-0056,ABM-0056-F2,Field 2,3.43,1985,Male,,,,,,
Aboma,Riverside Society,James Fischer,ABM-0057,ABM-0057-F1,Field 1,4.31,1967,Male,NID-222229284-3,,+1848361791,1,2,
Aboma,Riverside Society,James Fischer,ABM-0057,ABM-0057-F2,Field 2,4.63,1967,Male,,,,,,
Aboma,Riverside Society,Omar Rossi,ABM-0058,ABM-0058-F1,Field 1,3.76,1980,Male,NID-394634101-5,,,8,2,Yes
Aboma,Riverside Society,Omar Rossi,ABM-0058,ABM-0058-F2,Field 2,4.79,1980,Male,,,,,,
Aboma,Greenvale Society,David Reyes,ABM-0059,ABM-0059-F1,Field 1,4.29,1960,Male,NID-223812388-5,,+1203907465,6,1,
Aboma,Greenvale Society,David Reyes,ABM-0059,ABM-0059-F2,Field 2,4.27,1960,Male,,,,,,
Aboma,Eastwood Society,Chen Wang,ABM-0060,ABM-0060-F1,Field 1,0.73,2000,Male,,,+1551136442,8,3,
Aboma,Eastwood Society,Chen Wang,ABM-0060,ABM-0060-F2,Field 2,3.53,2000,Male,,,,,,
Aboma,Northfield Society,David Ivanov,ABM-0061,ABM-0061-F1,Field 1,2.89,1962,Male,,,+1106956303,1,4,
Aboma,Greenvale Society,Noah Kim,ABM-0062,ABM-0062-F1,Field 1,2.89,1968,Male,NID-073180364-6,,+1296918879,7,5,
Aboma,Riverside Society,David Costa,ABM-0063,ABM-0063-F1,Field 1,4.35,1971,Male,NID-532137542-4,,,7,6,Yes
Aboma,Riverside Society,David Costa,ABM-0063,ABM-0063-F2,Field 2,2.70,1971,Male,,,,,,
Aboma,Brookside Society,Sarah Novak,ABM-0064,ABM-0064-F1,Field 1,4.79,1975,Female,NID-535045350-8,,,4,4,
Aboma,Brookside Society,Arjun Garcia,ABM-0065,ABM-0065-F1,Field 1,2.82,1988,Male,,,+1510985121,9,3,No
Aboma,Brookside Society,Arjun Garcia,ABM-0065,ABM-0065-F2,Field 2,4.07,1988,Male,,,,,,
Aboma,Greenvale Society,Aisha Andersson,ABM-0066,ABM-0066-F1,Field 1,0.74,1986,Female,NID-687887430-4,,+1037896807,8,6,
Aboma,Eastwood Society,Daniel Wang,ABM-0067,ABM-0067-F1,Field 1,2.47,1963,Male,,,+1885984237,8,4,
Aboma,Brookside Society,Priya Santos,ABM-0068,ABM-0068-F1,Field 1,4.35,1974,Female,,,+1219091073,10,1,Yes
Aboma,Brookside Society,Lucas Wang,ABM-0069,ABM-0069-F1,Field 1,2.74,1976,Male,NID-242944747-5,,+1827195288,5,0,Yes
Aboma,Eastwood Society,Omar Reyes,ABM-0070,ABM-0070-F1,Field 1,1.78,1969,Male,NID-605815718-1,,+1722266532,8,5,Yes
Aboma,Eastwood Society,Omar Reyes,ABM-0070,ABM-0070-F2,Field 2,1.31,1969,Male,,,,,,
Aboma,Riverside Society,Liam Larsen,ABM-0071,ABM-0071-F1,Field 1,4.51,1982,Male,NID-249933251-1,,,3,3,
Aboma,Northfield Society,Liam Santos,ABM-0072,ABM-0072-F1,Field 1,4.90,1989,Male,NID-108894532-4,,,5,4,
Aboma,Northfield Society,Liam Santos,ABM-0072,ABM-0072-F2,Field 2,4.88,1989,Male,,,,,,
Aboma,Brookside Society,Priya Kim,ABM-0073,ABM-0073-F1,Field 1,4.07,2000,Female,,,+1457012944,7,1,
Aboma,Brookside Society,Priya Kim,ABM-0073,ABM-0073-F2,Field 2,3.33,2000,Female,,,,,,
Aboma,Northfield Society,Arjun Haddad,ABM-0074,ABM-0074-F1,Field 1,4.23,1960,Male,,,+1533747682,7,4,
Aboma,Riverside Society,Noah Andersson,ABM-0075,ABM-0075-F1,Field 1,1.41,1974,Male,NID-363875152-1,,+1557278436,4,5,
Aboma,Riverside Society,Noah Andersson,ABM-0075,ABM-0075-F2,Field 2,2.13,1974,Male,,,,,,
Aboma,Greenvale Society,Daniel Rossi,ABM-0076,ABM-0076-F1,Field 1,2.50,1994,Male,,,,7,3,
Aboma,Northfield Society,Omar Garcia,ABM-0077,ABM-0077-F1,Field 1,3.49,1965,Male,NID-013460671-7,,,2,3,
Aboma,Brookside Society,Priya Khan,ABM-0078,ABM-0078-F1,Field 1,1.22,1969,Female,NID-838763923-9,,,10,4,
Aboma,Brookside Society,Priya Khan,ABM-0078,ABM-0078-F2,Field 2,0.79,1969,Female,,,,,,
Aboma,Eastwood Society,Lucas Larsen,ABM-0079,ABM-0079-F1,Field 1,2.55,1994,Male,NID-646186318-4,,,5,3,
Aboma,Brookside Society,Mateo Nguyen,ABM-0080,ABM-0080-F1,Field 1,1.63,1993,Male,,,,5,1,
Aboma,Brookside Society,Arjun Rossi,ABM-0081,ABM-0081-F1,Field 1,3.23,1985,Male,NID-645350009-2,,+1776838943,6,6,Yes
Aboma,Brookside Society,Lucia Reyes,ABM-0082,ABM-0082-F1,Field 1,2.45,1972,Female,NID-446554178-4,,,3,3,
Aboma,Brookside Society,Lucia Reyes,ABM-0082,ABM-0082-F2,Field 2,0.74,1972,Female,,,,,,
Aboma,Northfield Society,Noah Dubois,ABM-0083,ABM-0083-F1,Field 1,3.73,1979,Male,NID-571758570-2,,,2,3,
Aboma,Northfield Society,Lucas Nguyen,ABM-0084,ABM-0084-F1,Field 1,3.81,1963,Male,NID-306122301-8,,+1393090763,2,2,Yes
Aboma,Northfield Society,Lucas Nguyen,ABM-0084,ABM-0084-F2,Field 2,0.63,1963,Male,,,,,,
Aboma,Eastwood Society,Arjun Andersson,ABM-0085,ABM-0085-F1,Field 1,1.86,1966,Male,NID-947252038-5,,,4,5,
Aboma,Eastwood Society,Arjun Andersson,ABM-0085,ABM-0085-F2,Field 2,2.01,1966,Male,,,,,,
Aboma,Brookside Society,Lucas Ivanov,ABM-0086,ABM-0086-F1,Field 1,4.73,1960,Male,NID-201072681-7,,+1848941531,8,5,Yes
Aboma,Brookside Society,Lucas Ivanov,ABM-0086,ABM-0086-F2,Field 2,1.97,1960,Male,,,,,,
Aboma,Greenvale Society,Lucas Costa,ABM-0087,ABM-0087-F1,Field 1,3.76,1969,Male,NID-696889684-5,,,8,6,
Aboma,Eastwood Society,James Costa,ABM-0088,ABM-0088-F1,Field 1,3.35,1983,Male,,,+1156086478,6,1,No
Aboma,Eastwood Society,Liam Wang,ABM-0089,ABM-0089-F1,Field 1,1.19,1960,Male,NID-901236031-2,,+1236120500,10,5,Yes
Aboma,Brookside Society,Omar Fischer,ABM-0090,ABM-0090-F1,Field 1,4.34,1987,Male,,,+1606664694,10,6,
Aboma,Brookside Society,Omar Fischer,ABM-0090,ABM-0090-F2,Field 2,1.16,1987,Male,,,,,,
Aboma,Northfield Society,Mei Rossi,ABM-0091,ABM-0091-F1,Field 1,4.95,1960,Female,NID-236639659-6,,+1283576074,2,2,Yes
Aboma,Brookside Society,Liam Wang,ABM-0092,ABM-0092-F1,Field 1,3.97,1997,Male,NID-041803384-7,,+1672975641,10,6,
Aboma,Brookside Society,Liam Wang,ABM-0092,ABM-0092-F2,Field 2,0.92,1997,Male,,,,,,
Aboma,Brookside Society,Mateo Patel,ABM-0093,ABM-0093-F1,Field 1,0.86,1995,Male,,,,7,1,
Aboma,Eastwood Society,Mateo Rossi,ABM-0094,ABM-0094-F1,Field 1,3.32,1995,Male,,,,8,5,
Aboma,Riverside Society,Daniel Santos,ABM-0095,ABM-0095-F1,Field 1,1.01,1968,Male,NID-787721570-2,,+1504414358,3,3,Yes
Aboma,Riverside Society,Noah Dubois,ABM-0096,ABM-0096-F1,Field 1,2.22,1966,Male,NID-228897013-2,,,2,2,
Aboma,Riverside Society,Noah Dubois,ABM-0096,ABM-0096-F2,Field 2,2.79,1966,Male,,,,,,
Aboma,Riverside Society,Noah Santos,ABM-0097,ABM-0097-F1,Field 1,1.13,1995,Male,,,+1971717493,2,1,
Aboma,Riverside Society,Noah Santos,ABM-0097,ABM-0097-F2,Field 2,3.75,1995,Male,,,,,,
Aboma,Eastwood Society,Liam Wang,ABM-0098,ABM-0098-F1,Field 1,2.78,1989,Male,NID-264280495-9,,+1298883614,4,1,
Aboma,Eastwood Society,Liam Wang,ABM-0098,ABM-0098-F2,Field 2,4.20,1989,Male,,,,,,
Aboma,Northfield Society,James Garcia,ABM-0099,ABM-0099-F1,Field 1,2.22,1974,Male,NID-345718472-2,,,7,3,
Aboma,Northfield Society,James Garcia,ABM-0099,ABM-0099-F2,Field 2,3.19,1974,Male,,,,,,
Aboma,Northfield Society,David Smith,ABM-0100,ABM-0100-F1,Field 1,1.90,1976,Male,NID-135782994-8,,+1940374757,8,3,
Aboma,Northfield Society,David Smith,ABM-0100,ABM-0100-F2,Field 2,1.43,1976,Male,,,,,,
Aboma,Northfield Society,Lucas Novak,ABM-0101,ABM-0101-F1,Field 1,2.94,1977,Male,,,+1902167378,8,5,No
Aboma,Northfield Society,Anna Garcia,ABM-0102,ABM-0102-F1,Field 1,3.32,1961,Female,NID-832140406-3,,+1740931167,3,2,Yes
Aboma,Northfield Society,Anna Garcia,ABM-0102,ABM-0102-F2,Field 2,4.91,1961,Female,,,,,,
Aboma,Greenvale Society,Elena Fischer,ABM-0103,ABM-0103-F1,Field 1,4.66,1993,Female,NID-750780617-6,,,7,6,
Aboma,Greenvale Society,Elena Fischer,ABM-0103,ABM-0103-F2,Field 2,1.10,1993,Female,,,,,,
Aboma,Eastwood Society,Noah Kim,ABM-0104,ABM-0104-F1,Field 1,2.11,1999,Male,NID-102093785-6,,+1746984763,1,6,
Aboma,Eastwood Society,Aisha Muller,ABM-0105,ABM-0105-F1,Field 1,4.44,1960,Female,,,+1205195772,8,6,
Aboma,Eastwood Society,Aisha Muller,ABM-0105,ABM-0105-F2,Field 2,3.50,1960,Female,,,,,,
Aboma,Brookside Society,James Muller,ABM-0106,ABM-0106-F1,Field 1,1.17,1962,Male,NID-208926067-4,,+1686978312,2,4,Yes
Aboma,Northfield Society,Omar Nguyen,ABM-0107,ABM-0107-F1,Field 1,1.00,1981,Male,,,+1504000455,9,1,
Aboma,Riverside Society,Chen Garcia,ABM-0108,ABM-0108-F1,Field 1,3.29,1985,Male,,,+1701915830,2,0,
Aboma,Riverside Society,Chen Dubois,ABM-0109,ABM-0109-F1,Field 1,1.59,1989,Male,NID-894205061-3,,+1135394683,10,2,
Aboma,Greenvale Society,Daniel Fischer,ABM-0110,ABM-0110-F1,Field 1,1.34,1996,Male,NID-493564026-4,,+1634255129,6,5,
Aboma,Eastwood Society,Chen Novak,ABM-0111,ABM-0111-F1,Field 1,1.11,1964,Male,NID-730402170-9,,+1602829664,5,0,
Aboma,Greenvale Society,James Larsen,ABM-0112,ABM-0112-F1,Field 1,0.64,1992,Male,NID-076005835-2,,+1348041164,3,5,
Aboma,Greenvale Society,James Larsen,ABM-0112,ABM-0112-F2,Field 2,2.00,1992,Male,,,,,,
Aboma,Brookside Society,Fatima Smith,ABM-0113,ABM-0113-F1,Field 1,0.99,1983,Female,NID-255577278-0,,+1560366001,5,6,Yes
Aboma,Riverside Society,Arjun Khan,ABM-0114,ABM-0114-F1,Field 1,4.81,2000,Male,NID-192480637-4,,+1894550186,5,2,No
Aboma,Riverside Society,Arjun Khan,ABM-0114,ABM-0114-F2,Field 2,4.54,2000,Male,,,,,,
Aboma,Greenvale Society,Lucas Khan,ABM-0115,ABM-0115-F1,Field 1,3.95,1991,Male,,,+1848176757,6,3,No
Aboma,Greenvale Society,Lucas Khan,ABM-0115,ABM-0115-F2,Field 2,4.45,1991,Male,,,,,,
Aboma,Northfield Society,David Nguyen,ABM-0116,ABM-0116-F1,Field 1,2.45,1974,Male,,,+1170425299,9,5,
Aboma,Northfield Society,David Nguyen,ABM-0116,ABM-0116-F2,Field 2,0.63,1974,Male,,,,,,
Aboma,Greenvale Society,Mateo Khan,ABM-0117,ABM-0117-F1,Field 1,2.68,1979,Male,,,+1718408518,2,3,
Aboma,Greenvale Society,Mateo Khan,ABM-0117,ABM-0117-F2,Field 2,4.49,1979,Male,,,,,,
Aboma,Riverside Society,Lucas Ivanov,ABM-0118,ABM-0118-F1,Field 1,3.51,1989,Male,,,,3,4,
Aboma,Riverside Society,Lucas Ivanov,ABM-0118,ABM-0118-F2,Field 2,3.59,1989,Male,,,,,,
Aboma,Brookside Society,Liam Santos,ABM-0119,ABM-0119-F1,Field 1,3.83,1968,Male,NID-593113911-7,,+1734261439,3,3,No
Ayekoo,Palmgrove Society,Fatima Garcia,AYK-0001,AYK-0001-F1,Field 1,3.70,1966,Female,,,+1829107708,7,4,Yes
Ayekoo,Eastwood Society,Maria Wang,AYK-0002,AYK-0002-F1,Field 1,0.64,1973,Female,NID-942888532-0,,,9,3,
Ayekoo,Palmgrove Society,Sofia Khan,AYK-0003,AYK-0003-F1,Field 1,3.91,1976,Female,NID-418143035-9,,,7,5,Yes
Ayekoo,Eastwood Society,Daniel Nguyen,AYK-0004,AYK-0004-F1,Field 1,4.52,1983,Male,,,+1630450063,2,0,
Ayekoo,Meadowbrook Society,Noah Ivanov,AYK-0005,AYK-0005-F1,Field 1,1.29,1985,Male,,,,6,6,Yes
Ayekoo,Meadowbrook Society,Mei Reyes,AYK-0006,AYK-0006-F1,Field 1,1.06,1983,Female,NID-377974898-1,,,3,1,Yes
Ayekoo,Palmgrove Society,Mei Kim,AYK-0007,AYK-0007-F1,Field 1,3.58,1979,Female,NID-386518466-7,,+1115035622,5,6,No
Ayekoo,Palmgrove Society,Mei Kim,AYK-0007,AYK-0007-F2,Field 2,2.79,1979,Female,,,,,,
Ayekoo,Meadowbrook Society,Arjun Muller,AYK-0008,AYK-0008-F1,Field 1,1.41,1989,Male,NID-383744345-1,,,1,5,No
Ayekoo,Meadowbrook Society,Arjun Muller,AYK-0008,AYK-0008-F2,Field 2,0.64,1989,Male,,,,,,
Ayekoo,Eastwood Society,Omar Dubois,AYK-0009,AYK-0009-F1,Field 1,4.11,1975,Male,NID-015597315-0,,+1921548749,9,5,Yes
Ayekoo,Eastwood Society,Omar Dubois,AYK-0009,AYK-0009-F2,Field 2,1.71,1975,Male,,,,,,
Ayekoo,Eastwood Society,Arjun Ivanov,AYK-0010,AYK-0010-F1,Field 1,2.43,1990,Male,NID-669270050-5,,+1429506713,1,5,Yes
Ayekoo,Eastwood Society,Daniel Novak,AYK-0011,AYK-0011-F1,Field 1,2.44,1977,Male,NID-356535848-7,,+1875908508,1,6,
Ayekoo,Palmgrove Society,David Silva,AYK-0012,AYK-0012-F1,Field 1,0.50,1980,Male,NID-151800915-9,,+1701127461,7,2,
Ayekoo,Palmgrove Society,David Silva,AYK-0012,AYK-0012-F2,Field 2,0.55,1980,Male,,,,,,
Ayekoo,Clearwater Society,Maria Dubois,AYK-0013,AYK-0013-F1,Field 1,1.39,1995,Female,NID-538847275-3,,,9,3,Yes
Ayekoo,Meadowbrook Society,Mateo Garcia,AYK-0014,AYK-0014-F1,Field 1,3.89,1967,Male,,,+1760832225,3,0,
Ayekoo,Palmgrove Society,Noah Ivanov,AYK-0015,AYK-0015-F1,Field 1,1.34,1966,Male,NID-706394631-4,,,8,4,Yes
Ayekoo,Eastwood Society,Aisha Haddad,AYK-0016,AYK-0016-F1,Field 1,4.25,1977,Female,NID-047931037-1,,,7,0,
Ayekoo,Palmgrove Society,David Rossi,AYK-0017,AYK-0017-F1,Field 1,0.81,1995,Male,,,,10,2,
Ayekoo,Meadowbrook Society,Aisha Nguyen,AYK-0018,AYK-0018-F1,Field 1,4.85,1982,Female,NID-779716933-0,,,3,2,Yes
Ayekoo,Meadowbrook Society,Aisha Nguyen,AYK-0018,AYK-0018-F2,Field 2,4.73,1982,Female,,,,,,
Ayekoo,Eastwood Society,Omar Smith,AYK-0019,AYK-0019-F1,Field 1,3.06,1996,Male,NID-536685700-4,,+1263287206,5,6,No
Ayekoo,Eastwood Society,Omar Smith,AYK-0019,AYK-0019-F2,Field 2,4.01,1996,Male,,,,,,
Ayekoo,Highgate Society,Noah Nguyen,AYK-0020,AYK-0020-F1,Field 1,3.56,1987,Male,NID-098246978-5,,+1434123571,2,5,
Ayekoo,Highgate Society,Noah Nguyen,AYK-0020,AYK-0020-F2,Field 2,2.16,1987,Male,,,,,,
Ayekoo,Palmgrove Society,Arjun Novak,AYK-0021,AYK-0021-F1,Field 1,1.46,1999,Male,NID-515029589-4,,+1252082096,8,5,
Ayekoo,Eastwood Society,Priya Costa,AYK-0022,AYK-0022-F1,Field 1,1.18,1981,Female,,,+1398718410,8,0,Yes
Ayekoo,Meadowbrook Society,Omar Kim,AYK-0023,AYK-0023-F1,Field 1,1.09,1988,Male,NID-401506792-6,,+1062649898,9,4,Yes
Ayekoo,Clearwater Society,Arjun Haddad,AYK-0024,AYK-0024-F1,Field 1,4.25,1972,Male,NID-834515016-3,,+1302659470,4,6,No
Ayekoo,Highgate Society,Omar Haddad,AYK-0025,AYK-0025-F1,Field 1,2.20,1993,Male,NID-309739359-8,,+1822254148,8,3,Yes
Ayekoo,Eastwood Society,Elena Ivanov,AYK-0026,AYK-0026-F1,Field 1,2.56,1996,Female,NID-654144265-5,,+1232213305,7,6,
Ayekoo,Eastwood Society,Elena Ivanov,AYK-0026,AYK-0026-F2,Field 2,1.02,1996,Female,,,,,,
Ayekoo,Eastwood Society,Fatima Kim,AYK-0027,AYK-0027-F1,Field 1,2.28,1963,Female,,,,9,1,
Ayekoo,Highgate Society,Liam Rossi,AYK-0028,AYK-0028-F1,Field 1,1.80,1987,Male,NID-971280616-5,,,7,0,
Ayekoo,Highgate Society,Mei Andersson,AYK-0029,AYK-0029-F1,Field 1,3.85,1965,Female,NID-195407454-9,,+1920704382,4,0,Yes
Ayekoo,Eastwood Society,James Reyes,AYK-0030,AYK-0030-F1,Field 1,0.98,1995,Male,NID-393665430-0,,+1311518950,8,6,
Ayekoo,Meadowbrook Society,Sarah Silva,AYK-0031,AYK-0031-F1,Field 1,3.81,1961,Female,NID-383678685-2,,,9,6,No
Ayekoo,Meadowbrook Society,Sarah Silva,AYK-0031,AYK-0031-F2,Field 2,2.97,1961,Female,,,,,,
Ayekoo,Eastwood Society,Lucas Smith,AYK-0032,AYK-0032-F1,Field 1,0.62,1972,Male,NID-650293348-9,,+1348670446,3,6,Yes
Ayekoo,Eastwood Society,Lucas Smith,AYK-0032,AYK-0032-F2,Field 2,2.96,1972,Male,,,,,,
Ayekoo,Eastwood Society,Elena Garcia,AYK-0033,AYK-0033-F1,Field 1,1.05,1994,Female,NID-034513334-2,,+1000550843,5,1,
Ayekoo,Eastwood Society,Elena Garcia,AYK-0033,AYK-0033-F2,Field 2,3.44,1994,Female,,,,,,
Ayekoo,Eastwood Society,Arjun Andersson,AYK-0034,AYK-0034-F1,Field 1,4.72,1985,Male,,,+1624028724,2,1,Yes
Ayekoo,Eastwood Society,Arjun Andersson,AYK-0034,AYK-0034-F2,Field 2,0.72,1985,Male,,,,,,
Ayekoo,Clearwater Society,Elena Ivanov,AYK-0035,AYK-0035-F1,Field 1,2.41,1972,Female,,,+1347379363,10,6,Yes
Ayekoo,Eastwood Society,Lucas Wang,AYK-0036,AYK-0036-F1,Field 1,4.77,1986,Male,NID-971263293-7,,,10,4,No
Ayekoo,Eastwood Society,Lucas Wang,AYK-0036,AYK-0036-F2,Field 2,1.87,1986,Male,,,,,,
Ayekoo,Eastwood Society,Noah Kim,AYK-0037,AYK-0037-F1,Field 1,3.94,1993,Male,,,,6,0,Yes
Ayekoo,Eastwood Society,Noah Smith,AYK-0038,AYK-0038-F1,Field 1,3.30,1968,Male,NID-009711223-9,,+1796993966,9,2,Yes
Ayekoo,Eastwood Society,Mateo Andersson,AYK-0039,AYK-0039-F1,Field 1,3.31,1962,Male,NID-545694237-6,,,2,1,Yes
Ayekoo,Eastwood Society,Mateo Andersson,AYK-0039,AYK-0039-F2,Field 2,4.61,1962,Male,,,,,,
Ayekoo,Clearwater Society,Lucas Fischer,AYK-0040,AYK-0040-F1,Field 1,1.17,1980,Male,,,,3,2,Yes
Ayekoo,Clearwater Society,Lucas Fischer,AYK-0040,AYK-0040-F2,Field 2,0.83,1980,Male,,,,,,
Ayekoo,Eastwood Society,Lucas Smith,AYK-0041,AYK-0041-F1,Field 1,3.24,1999,Male,,,,7,2,
Ayekoo,Eastwood Society,Lucas Smith,AYK-0041,AYK-0041-F2,Field 2,1.03,1999,Male,,,,,,
Ayekoo,Eastwood Society,Lucas Silva,AYK-0042,AYK-0042-F1,Field 1,2.23,1970,Male,,,+1480144473,5,3,
Ayekoo,Clearwater Society,James Novak,AYK-0043,AYK-0043-F1,Field 1,4.53,1964,Male,NID-079214647-5,,+1719739012,10,0,Yes
Ayekoo,Clearwater Society,James Novak,AYK-0043,AYK-0043-F2,Field 2,0.70,1964,Male,,,,,,
Ayekoo,Meadowbrook Society,Sarah Ivanov,AYK-0044,AYK-0044-F1,Field 1,1.36,1983,Female,,,+1584803706,2,2,Yes
Ayekoo,Meadowbrook Society,Sarah Ivanov,AYK-0044,AYK-0044-F2,Field 2,1.72,1983,Female,,,,,,
Ayekoo,Eastwood Society,Arjun Nguyen,AYK-0045,AYK-0045-F1,Field 1,3.34,1994,Male,,,,5,3,No
Ayekoo,Palmgrove Society,Sarah Garcia,AYK-0046,AYK-0046-F1,Field 1,2.33,1968,Female,,,+1618481129,1,0,Yes
Ayekoo,Meadowbrook Society,Chen Silva,AYK-0047,AYK-0047-F1,Field 1,1.78,1976,Male,NID-058268429-6,,,5,3,
Ayekoo,Meadowbrook Society,Mateo Costa,AYK-0048,AYK-0048-F1,Field 1,1.30,1960,Male,,,+1903496626,6,5,Yes
Ayekoo,Meadowbrook Society,Mateo Costa,AYK-0048,AYK-0048-F2,Field 2,3.82,1960,Male,,,,,,
Ayekoo,Palmgrove Society,Aisha Khan,AYK-0049,AYK-0049-F1,Field 1,0.75,1983,Female,NID-486616807-3,,+1657026187,5,2,Yes
Ayekoo,Palmgrove Society,Aisha Khan,AYK-0049,AYK-0049-F2,Field 2,3.38,1983,Female,,,,,,
Ayekoo,Highgate Society,Fatima Silva,AYK-0050,AYK-0050-F1,Field 1,2.51,1966,Female,,,+1541884473,10,1,
Ayekoo,Highgate Society,Fatima Silva,AYK-0050,AYK-0050-F2,Field 2,2.73,1966,Female,,,,,,
Ayekoo,Palmgrove Society,David Patel,AYK-0051,AYK-0051-F1,Field 1,2.17,1986,Male,NID-061796079-2,,+1581301553,1,6,
Ayekoo,Eastwood Society,James Patel,AYK-0052,AYK-0052-F1,Field 1,1.12,1981,Male,NID-701649658-9,,,10,0,Yes
Ayekoo,Eastwood Society,James Patel,AYK-0052,AYK-0052-F2,Field 2,1.08,1981,Male,,,,,,
Ayekoo,Palmgrove Society,Daniel Rossi,AYK-0053,AYK-0053-F1,Field 1,3.37,1964,Male,NID-307636922-8,,+1837196474,8,3,No
Ayekoo,Palmgrove Society,Daniel Rossi,AYK-0053,AYK-0053-F2,Field 2,2.66,1964,Male,,,,,,
Ayekoo,Highgate Society,Sarah Ivanov,AYK-0054,AYK-0054-F1,Field 1,1.90,1981,Female,NID-190225077-5,,+1817511331,7,3,
Ayekoo,Meadowbrook Society,Mei Kim,AYK-0055,AYK-0055-F1,Field 1,4.21,1995,Female,NID-022322283-9,,,1,4,
Ayekoo,Meadowbrook Society,Mei Kim,AYK-0055,AYK-0055-F2,Field 2,3.47,1995,Female,,,,,,
Ayekoo,Palmgrove Society,Omar Ivanov,AYK-0056,AYK-0056-F1,Field 1,3.64,1971,Male,,,+1553666733,5,4,
Ayekoo,Highgate Society,David Muller,AYK-0057,AYK-0057-F1,Field 1,0.53,1966,Male,,,+1841938375,9,3,Yes
Ayekoo,Clearwater Society,James Costa,AYK-0058,AYK-0058-F1,Field 1,1.21,1988,Male,NID-973701095-5,,+1510954213,5,0,
Ayekoo,Eastwood Society,Liam Garcia,AYK-0059,AYK-0059-F1,Field 1,3.33,1982,Male,,,,7,2,
Ayekoo,Eastwood Society,David Khan,AYK-0060,AYK-0060-F1,Field 1,3.34,1963,Male,,,+1049330740,9,0,Yes
Ayekoo,Meadowbrook Society,Chen Santos,AYK-0061,AYK-0061-F1,Field 1,4.77,1976,Male,NID-917398127-9,,+1027541894,5,5,Yes
Ayekoo,Meadowbrook Society,Chen Santos,AYK-0061,AYK-0061-F2,Field 2,3.93,1976,Male,,,,,,
Ayekoo,Meadowbrook Society,Maria Larsen,AYK-0062,AYK-0062-F1,Field 1,4.69,1983,Female,NID-236393325-3,,,5,3,Yes
Ayekoo,Highgate Society,David Larsen,AYK-0063,AYK-0063-F1,Field 1,2.76,1985,Male,NID-789254855-1,,+1614217265,4,1,Yes
Ayekoo,Palmgrove Society,Sarah Reyes,AYK-0064,AYK-0064-F1,Field 1,3.51,1967,Female,NID-370692444-7,,+1441310802,4,0,Yes
Ayekoo,Palmgrove Society,Sarah Reyes,AYK-0064,AYK-0064-F2,Field 2,2.49,1967,Female,,,,,,
Ayekoo,Highgate Society,Fatima Smith,AYK-0065,AYK-0065-F1,Field 1,1.17,1971,Female,,,+1682756986,7,0,
Ayekoo,Palmgrove Society,Mei Nguyen,AYK-0066,AYK-0066-F1,Field 1,1.22,1999,Female,NID-697405117-9,,+1175047327,8,5,Yes
Ayekoo,Palmgrove Society,Mei Nguyen,AYK-0066,AYK-0066-F2,Field 2,1.08,1999,Female,,,,,,
Ayekoo,Palmgrove Society,Arjun Reyes,AYK-0067,AYK-0067-F1,Field 1,3.05,1975,Male,NID-710761066-3,,,5,2,No
Ayekoo,Eastwood Society,Lucia Garcia,AYK-0068,AYK-0068-F1,Field 1,4.20,1967,Female,NID-686816390-2,,+1074035963,2,3,
Ayekoo,Palmgrove Society,Mei Larsen,AYK-0069,AYK-0069-F1,Field 1,4.22,1989,Female,NID-232070035-6,,+1109465884,8,2,Yes
Ayekoo,Palmgrove Society,Mei Larsen,AYK-0069,AYK-0069-F2,Field 2,2.21,1989,Female,,,,,,
Ayekoo,Clearwater Society,James Smith,AYK-0070,AYK-0070-F1,Field 1,3.33,1984,Male,NID-525524546-6,,+1915490256,5,5,
Ayekoo,Clearwater Society,James Smith,AYK-0070,AYK-0070-F2,Field 2,1.08,1984,Male,,,,,,
Ayekoo,Clearwater Society,Anna Nguyen,AYK-0071,AYK-0071-F1,Field 1,1.02,1963,Female,,,+1876053485,3,1,
Ayekoo,Clearwater Society,Mateo Patel,AYK-0072,AYK-0072-F1,Field 1,1.68,1960,Male,NID-878461220-2,,+1580288123,3,3,Yes
Ayekoo,Clearwater Society,Sofia Wang,AYK-0073,AYK-0073-F1,Field 1,1.32,1999,Female,,,,9,2,Yes
Ayekoo,Highgate Society,David Haddad,AYK-0074,AYK-0074-F1,Field 1,2.26,1994,Male,NID-285063704-4,,+1300652206,5,5,
Ayekoo,Eastwood Society,Lucia Muller,AYK-0075,AYK-0075-F1,Field 1,2.18,1968,Female,NID-993347392-0,,+1378623444,5,0,
Ayekoo,Eastwood Society,Lucia Muller,AYK-0075,AYK-0075-F2,Field 2,2.77,1968,Female,,,,,,
Ayekoo,Eastwood Society,Sarah Smith,AYK-0076,AYK-0076-F1,Field 1,4.54,1961,Female,NID-737227012-5,,,8,4,Yes
Ayekoo,Clearwater Society,Noah Rossi,AYK-0077,AYK-0077-F1,Field 1,4.18,1982,Male,,,+1917894723,5,4,No
Ayekoo,Clearwater Society,Noah Rossi,AYK-0077,AYK-0077-F2,Field 2,4.89,1982,Male,,,,,,
Ayekoo,Highgate Society,Liam Silva,AYK-0078,AYK-0078-F1,Field 1,2.19,1966,Male,NID-788649176-2,,+1316608363,5,3,
Ayekoo,Meadowbrook Society,Chen Patel,AYK-0079,AYK-0079-F1,Field 1,3.42,1971,Male,,,+1787323609,4,0,Yes
Ayekoo,Palmgrove Society,Sarah Patel,AYK-0080,AYK-0080-F1,Field 1,4.25,1967,Female,,,+1031637174,2,1,
Ayekoo,Clearwater Society,Lucas Garcia,AYK-0081,AYK-0081-F1,Field 1,0.74,1992,Male,NID-734263686-0,,,5,0,
Ayekoo,Clearwater Society,Lucas Garcia,AYK-0081,AYK-0081-F2,Field 2,3.33,1992,Male,,,,,,
Ayekoo,Clearwater Society,Mei Haddad,AYK-0082,AYK-0082-F1,Field 1,3.11,1991,Female,NID-264547166-1,,,2,2,Yes
Ayekoo,Clearwater Society,Mei Haddad,AYK-0082,AYK-0082-F2,Field 2,3.51,1991,Female,,,,,,
Ayekoo,Clearwater Society,Mei Costa,AYK-0083,AYK-0083-F1,Field 1,1.91,1972,Female,NID-439120740-7,,+1374149330,5,5,
Ayekoo,Clearwater Society,Mei Costa,AYK-0083,AYK-0083-F2,Field 2,3.06,1972,Female,,,,,,
Ayekoo,Highgate Society,Chen Patel,AYK-0084,AYK-0084-F1,Field 1,4.28,1967,Male,,,+1923593582,1,1,
Ayekoo,Highgate Society,Chen Patel,AYK-0084,AYK-0084-F2,Field 2,2.33,1967,Male,,,,,,
Ayekoo,Meadowbrook Society,Noah Dubois,AYK-0085,AYK-0085-F1,Field 1,4.36,1992,Male,,,,9,0,
Ayekoo,Meadowbrook Society,Mateo Costa,AYK-0086,AYK-0086-F1,Field 1,3.70,1969,Male,,,+1840375878,1,3,Yes
Ayekoo,Clearwater Society,Noah Nguyen,AYK-0087,AYK-0087-F1,Field 1,2.69,1979,Male,,,,8,6,
Ayekoo,Clearwater Society,Noah Nguyen,AYK-0087,AYK-0087-F2,Field 2,0.52,1979,Male,,,,,,
Ayekoo,Highgate Society,Chen Khan,AYK-0088,AYK-0088-F1,Field 1,4.95,1970,Male,NID-595683112-2,,+1015823400,7,4,Yes
Ayekoo,Eastwood Society,Liam Reyes,AYK-0089,AYK-0089-F1,Field 1,0.97,1960,Male,,,+1142616998,9,1,
Ayekoo,Eastwood Society,Liam Reyes,AYK-0089,AYK-0089-F2,Field 2,3.60,1960,Male,,,,,,
Ayekoo,Meadowbrook Society,Liam Fischer,AYK-0090,AYK-0090-F1,Field 1,0.55,1963,Male,NID-534804900-6,,+1641346438,8,4,
Ayekoo,Meadowbrook Society,Omar Dubois,AYK-0091,AYK-0091-F1,Field 1,3.53,1984,Male,NID-096122231-5,,+1355597142,2,4,
Ayekoo,Highgate Society,Chen Andersson,AYK-0092,AYK-0092-F1,Field 1,3.13,1960,Male,,,,7,0,No
Ayekoo,Highgate Society,Chen Andersson,AYK-0092,AYK-0092-F2,Field 2,0.69,1960,Male,,,,,,
Ayekoo,Clearwater Society,Daniel Larsen,AYK-0093,AYK-0093-F1,Field 1,0.66,1987,Male,NID-454419737-1,,+1689330885,6,3,Yes
Ayekoo,Clearwater Society,Elena Muller,AYK-0094,AYK-0094-F1,Field 1,0.87,1982,Female,NID-268581089-3,,+1599583758,10,6,Yes
Ayekoo,Clearwater Society,Elena Muller,AYK-0094,AYK-0094-F2,Field 2,1.58,1982,Female,,,,,,
Ayekoo,Palmgrove Society,Anna Rossi,AYK-0095,AYK-0095-F1,Field 1,4.54,1988,Female,,,+1355113726,10,0,
Ayekoo,Eastwood Society,Omar Smith,AYK-0096,AYK-0096-F1,Field 1,3.17,1971,Male,NID-880308866-3,,+1183873136,9,2,
Ayekoo,Eastwood Society,Omar Smith,AYK-0096,AYK-0096-F2,Field 2,0.88,1971,Male,,,,,,
Ayekoo,Eastwood Society,Omar Nguyen,AYK-0097,AYK-0097-F1,Field 1,1.49,1967,Male,NID-441353270-6,,,6,5,
Ayekoo,Eastwood Society,Omar Nguyen,AYK-0097,AYK-0097-F2,Field 2,2.67,1967,Male,,,,,,
Ayekoo,Meadowbrook Society,Daniel Fischer,AYK-0098,AYK-0098-F1,Field 1,1.17,1999,Male,NID-906414021-6,,+1713086075,6,3,Yes
Ayekoo,Meadowbrook Society,Daniel Fischer,AYK-0098,AYK-0098-F2,Field 2,0.98,1999,Male,,,,,,
Ayekoo,Highgate Society,Anna Reyes,AYK-0099,AYK-0099-F1,Field 1,0.96,1998,Female,,,,5,4,
Ayekoo,Meadowbrook Society,Liam Larsen,AYK-0100,AYK-0100-F1,Field 1,4.10,1960,Male,NID-464251291-2,,+1201692307,5,0,
Ayekoo,Meadowbrook Society,Liam Larsen,AYK-0100,AYK-0100-F2,Field 2,0.83,1960,Male,,,,,,
Ayekoo,Eastwood Society,Daniel Garcia,AYK-0101,AYK-0101-F1,Field 1,0.62,1976,Male,,,+1812267518,9,5,Yes
Ayekoo,Eastwood Society,Daniel Garcia,AYK-0101,AYK-0101-F2,Field 2,3.10,1976,Male,,,,,,
Ayekoo,Eastwood Society,Lucas Silva,AYK-0102,AYK-0102-F1,Field 1,4.97,1971,Male,NID-391627502-6,,+1924755789,5,4,Yes
Ayekoo,Eastwood Society,Lucas Silva,AYK-0102,AYK-0102-F2,Field 2,4.82,1971,Male,,,,,,
Ayekoo,Highgate Society,David Reyes,AYK-0103,AYK-0103-F1,Field 1,4.35,1971,Male,NID-973019193-1,,+1753949526,2,2,
Ayekoo,Meadowbrook Society,James Haddad,AYK-0104,AYK-0104-F1,Field 1,3.76,1986,Male,,,,2,3,
Ayekoo,Palmgrove Society,Lucas Costa,AYK-0105,AYK-0105-F1,Field 1,2.52,1993,Male,NID-916123278-2,,+1259360798,9,3,
Ayekoo,Palmgrove Society,Omar Kim,AYK-0106,AYK-0106-F1,Field 1,0.88,1991,Male,NID-929991386-0,,,5,6,Yes
Ayekoo,Clearwater Society,Elena Khan,AYK-0107,AYK-0107-F1,Field 1,2.88,1967,Female,NID-597895256-4,,+1950574675,8,6,
Ayekoo,Clearwater Society,Elena Khan,AYK-0107,AYK-0107-F2,Field 2,3.37,1967,Female,,,,,,
Ayekoo,Clearwater Society,Mei Wang,AYK-0108,AYK-0108-F1,Field 1,3.95,1960,Female,,,+1205305293,7,5,Yes
Ayekoo,Clearwater Society,Mei Wang,AYK-0108,AYK-0108-F2,Field 2,0.79,1960,Female,,,,,,
Ayekoo,Meadowbrook Society,James Andersson,AYK-0109,AYK-0109-F1,Field 1,4.08,1985,Male,,,+1500511517,2,2,
Ayekoo,Clearwater Society,Mateo Rossi,AYK-0110,AYK-0110-F1,Field 1,4.54,1961,Male,,,,6,0,No
Ayekoo,Clearwater Society,Mateo Rossi,AYK-0110,AYK-0110-F2,Field 2,2.96,1961,Male,,,,,,
Ayekoo,Clearwater Society,Lucia Muller,AYK-0111,AYK-0111-F1,Field 1,1.63,1975,Female,,,,1,3,Yes
Ayekoo,Clearwater Society,Lucia Muller,AYK-0111,AYK-0111-F2,Field 2,1.41,1975,Female,,,,,,
Nhyira,Oakridge Society,James Nguyen,NHY-0001,NHY-0001-F1,Field 1,0.62,1997,Male,,,+1100645069,7,5,
Nhyira,Oakridge Society,Sofia Patel,NHY-0002,NHY-0002-F1,Field 1,2.76,1962,Female,NID-827246898-6,,+1741901990,4,1,No
Nhyira,Oakridge Society,Arjun Garcia,NHY-0003,NHY-0003-F1,Field 1,4.32,1965,Male,,,+1324907808,7,3,
Nhyira,Fairview Society,Daniel Novak,NHY-0004,NHY-0004-F1,Field 1,1.32,1995,Male,,,+1856325743,10,5,Yes
Nhyira,Greenvale Society,Arjun Wang,NHY-0005,NHY-0005-F1,Field 1,4.28,1969,Male,,,,10,5,
Nhyira,Greenvale Society,Arjun Wang,NHY-0005,NHY-0005-F2,Field 2,1.72,1969,Male,,,,,,
Nhyira,Greenvale Society,Lucas Haddad,NHY-0006,NHY-0006-F1,Field 1,3.74,1973,Male,,,+1465606887,6,6,Yes
Nhyira,Silverstone Society,Mateo Andersson,NHY-0007,NHY-0007-F1,Field 1,0.66,1967,Male,NID-845401748-7,,+1729621263,2,3,
Nhyira,Silverstone Society,Mateo Andersson,NHY-0007,NHY-0007-F2,Field 2,2.17,1967,Male,,,,,,
Nhyira,Silverstone Society,Priya Silva,NHY-0008,NHY-0008-F1,Field 1,1.76,2000,Female,NID-081716616-7,,+1292723986,10,2,No
Nhyira,Fairview Society,Lucas Ivanov,NHY-0009,NHY-0009-F1,Field 1,2.48,1977,Male,,,,3,2,
Nhyira,Fairview Society,Lucas Ivanov,NHY-0009,NHY-0009-F2,Field 2,0.97,1977,Male,,,,,,
Nhyira,Goldfield Society,Mateo Ivanov,NHY-0010,NHY-0010-F1,Field 1,1.80,1974,Male,NID-347028309-7,,+1047388954,3,1,No
Nhyira,Goldfield Society,Mateo Ivanov,NHY-0010,NHY-0010-F2,Field 2,2.53,1974,Male,,,,,,
Nhyira,Greenvale Society,Arjun Muller,NHY-0011,NHY-0011-F1,Field 1,4.65,1992,Male,NID-596001716-9,,,2,6,
Nhyira,Greenvale Society,Arjun Muller,NHY-0011,NHY-0011-F2,Field 2,0.85,1992,Male,,,,,,
Nhyira,Greenvale Society,James Fischer,NHY-0012,NHY-0012-F1,Field 1,3.87,1989,Male,NID-206481861-0,,+1210632697,7,1,
Nhyira,Greenvale Society,Mei Andersson,NHY-0013,NHY-0013-F1,Field 1,0.83,1968,Female,NID-357642380-1,,+1462208484,10,6,
Nhyira,Greenvale Society,Mei Andersson,NHY-0013,NHY-0013-F2,Field 2,0.69,1968,Female,,,,,,
Nhyira,Silverstone Society,David Costa,NHY-0014,NHY-0014-F1,Field 1,0.72,1988,Male,,,,4,0,Yes
Nhyira,Goldfield Society,Mateo Smith,NHY-0015,NHY-0015-F1,Field 1,0.88,1994,Male,,,+1866706741,3,0,
Nhyira,Greenvale Society,Arjun Garcia,NHY-0016,NHY-0016-F1,Field 1,4.63,1974,Male,NID-680091842-0,,+1591679709,4,5,Yes
Nhyira,Fairview Society,Fatima Costa,NHY-0017,NHY-0017-F1,Field 1,3.38,1966,Female,,,+1135501105,5,3,No
Nhyira,Silverstone Society,Noah Smith,NHY-0018,NHY-0018-F1,Field 1,1.92,1996,Male,NID-934388598-5,,+1358966961,7,4,Yes
Nhyira,Silverstone Society,Noah Smith,NHY-0018,NHY-0018-F2,Field 2,1.16,1996,Male,,,,,,
Nhyira,Goldfield Society,Maria Ivanov,NHY-0019,NHY-0019-F1,Field 1,4.66,1983,Female,,,+1145509156,6,1,
Nhyira,Goldfield Society,Maria Ivanov,NHY-0019,NHY-0019-F2,Field 2,4.44,1983,Female,,,,,,
Nhyira,Fairview Society,Omar Silva,NHY-0020,NHY-0020-F1,Field 1,4.54,1980,Male,,,+1048726934,10,3,
Nhyira,Fairview Society,David Ivanov,NHY-0021,NHY-0021-F1,Field 1,3.55,1997,Male,,,,9,5,Yes
Nhyira,Greenvale Society,Mateo Smith,NHY-0022,NHY-0022-F1,Field 1,2.35,1994,Male,NID-529361621-4,,+1961318604,10,0,Yes
Nhyira,Silverstone Society,Priya Andersson,NHY-0023,NHY-0023-F1,Field 1,3.20,1992,Female,,,,8,0,No
Nhyira,Goldfield Society,Omar Garcia,NHY-0024,NHY-0024-F1,Field 1,3.03,1988,Male,NID-963919720-5,,+1729814510,4,6,
Nhyira,Fairview Society,James Andersson,NHY-0025,NHY-0025-F1,Field 1,2.16,1985,Male,NID-108905048-9,,,9,5,Yes
Nhyira,Fairview Society,James Andersson,NHY-0025,NHY-0025-F2,Field 2,3.14,1985,Male,,,,,,
Nhyira,Goldfield Society,Lucia Andersson,NHY-0026,NHY-0026-F1,Field 1,3.41,1983,Female,,,+1100625795,4,6,No
Nhyira,Goldfield Society,Lucia Andersson,NHY-0026,NHY-0026-F2,Field 2,1.26,1983,Female,,,,,,
Nhyira,Silverstone Society,Liam Kim,NHY-0027,NHY-0027-F1,Field 1,4.40,1987,Male,NID-586428095-0,,+1595234169,1,2,
Nhyira,Silverstone Society,Liam Kim,NHY-0027,NHY-0027-F2,Field 2,3.72,1987,Male,,,,,,
Nhyira,Goldfield Society,Lucia Novak,NHY-0028,NHY-0028-F1,Field 1,4.10,1961,Female,NID-246137087-8,,+1045482676,7,3,Yes
Nhyira,Goldfield Society,Lucia Novak,NHY-0028,NHY-0028-F2,Field 2,2.63,1961,Female,,,,,,
Nhyira,Silverstone Society,Fatima Silva,NHY-0029,NHY-0029-F1,Field 1,2.84,1983,Female,,,+1272781585,10,3,Yes
Nhyira,Silverstone Society,Fatima Silva,NHY-0029,NHY-0029-F2,Field 2,0.59,1983,Female,,,,,,
Nhyira,Greenvale Society,Arjun Andersson,NHY-0030,NHY-0030-F1,Field 1,3.14,2000,Male,,,+1258820430,9,6,Yes
Nhyira,Fairview Society,James Novak,NHY-0031,NHY-0031-F1,Field 1,4.90,1994,Male,NID-031433114-5,,+1744845675,3,3,Yes
Nhyira,Goldfield Society,Chen Costa,NHY-0032,NHY-0032-F1,Field 1,1.34,1972,Male,,,+1339094374,8,3,Yes
Nhyira,Goldfield Society,Chen Costa,NHY-0032,NHY-0032-F2,Field 2,3.17,1972,Male,,,,,,
Nhyira,Greenvale Society,Daniel Patel,NHY-0033,NHY-0033-F1,Field 1,1.71,1985,Male,,,+1206181463,3,1,No
Nhyira,Greenvale Society,Daniel Patel,NHY-0033,NHY-0033-F2,Field 2,0.95,1985,Male,,,,,,
Nhyira,Oakridge Society,Liam Wang,NHY-0034,NHY-0034-F1,Field 1,3.54,1991,Male,,,+1888176686,3,5,
Nhyira,Silverstone Society,Liam Haddad,NHY-0035,NHY-0035-F1,Field 1,3.70,1980,Male,NID-369600606-1,,,1,6,Yes
Nhyira,Goldfield Society,Priya Smith,NHY-0036,NHY-0036-F1,Field 1,4.57,1996,Female,NID-765138274-1,,+1135347955,7,3,Yes
Nhyira,Fairview Society,David Garcia,NHY-0037,NHY-0037-F1,Field 1,1.96,1969,Male,,,,7,1,
Nhyira,Silverstone Society,Aisha Santos,NHY-0038,NHY-0038-F1,Field 1,3.87,1970,Female,NID-745876125-8,,+1660495052,2,4,
Nhyira,Silverstone Society,Aisha Santos,NHY-0038,NHY-0038-F2,Field 2,1.28,1970,Female,,,,,,
Nhyira,Silverstone Society,Liam Kim,NHY-0039,NHY-0039-F1,Field 1,2.38,1968,Male,NID-909981837-8,,+1594174013,2,4,No
Nhyira,Goldfield Society,James Ivanov,NHY-0040,NHY-0040-F1,Field 1,0.62,1976,Male,NID-756362135-7,,+1189056142,2,1,Yes
Nhyira,Fairview Society,Mateo Nguyen,NHY-0041,NHY-0041-F1,Field 1,2.81,1990,Male,NID-337414382-6,,+1010332801,3,1,Yes
Nhyira,Fairview Society,Mateo Nguyen,NHY-0041,NHY-0041-F2,Field 2,3.21,1990,Male,,,,,,
Nhyira,Silverstone Society,James Nguyen,NHY-0042,NHY-0042-F1,Field 1,4.27,1975,Male,,,+1406974310,5,1,
Nhyira,Fairview Society,Sofia Rossi,NHY-0043,NHY-0043-F1,Field 1,3.32,1975,Female,NID-454072910-6,,+1463451144,4,4,
Nhyira,Greenvale Society,Chen Novak,NHY-0044,NHY-0044-F1,Field 1,1.23,1989,Male,NID-305226551-8,,+1141728008,3,6,Yes
Nhyira,Greenvale Society,Chen Novak,NHY-0044,NHY-0044-F2,Field 2,1.53,1989,Male,,,,,,
Nhyira,Fairview Society,Mateo Larsen,NHY-0045,NHY-0045-F1,Field 1,2.93,1988,Male,NID-569197674-1,,+1402366132,8,1,
Nhyira,Greenvale Society,Mateo Patel,NHY-0046,NHY-0046-F1,Field 1,1.64,1992,Male,NID-250391795-5,,,4,1,Yes
Nhyira,Silverstone Society,Mateo Kim,NHY-0047,NHY-0047-F1,Field 1,1.42,1977,Male,NID-782478689-2,,+1341989583,9,5,
Nhyira,Fairview Society,Omar Khan,NHY-0048,NHY-0048-F1,Field 1,3.02,1964,Male,NID-203626078-3,,+1138174813,2,5,
Nhyira,Oakridge Society,Noah Santos,NHY-0049,NHY-0049-F1,Field 1,4.31,1980,Male,,,+1676508936,8,4,No
Nhyira,Oakridge Society,Noah Santos,NHY-0049,NHY-0049-F2,Field 2,2.22,1980,Male,,,,,,
Nhyira,Goldfield Society,David Kim,NHY-0050,NHY-0050-F1,Field 1,4.10,1968,Male,,,+1964789456,5,3,Yes
Nhyira,Silverstone Society,David Wang,NHY-0051,NHY-0051-F1,Field 1,1.19,1984,Male,NID-370578218-2,,+1879998442,3,0,
Nhyira,Silverstone Society,David Wang,NHY-0051,NHY-0051-F2,Field 2,0.74,1984,Male,,,,,,
Nhyira,Fairview Society,Elena Patel,NHY-0052,NHY-0052-F1,Field 1,3.09,1974,Female,NID-431872774-8,,+1062568820,7,3,Yes
Nhyira,Goldfield Society,James Costa,NHY-0053,NHY-0053-F1,Field 1,4.21,1997,Male,,,+1239494806,9,0,Yes
Nhyira,Fairview Society,Sarah Dubois,NHY-0054,NHY-0054-F1,Field 1,2.09,1980,Female,,,,10,1,
Nhyira,Silverstone Society,Liam Larsen,NHY-0055,NHY-0055-F1,Field 1,0.61,1975,Male,NID-022376901-2,,+1696382308,7,3,
Nhyira,Silverstone Society,Omar Kim,NHY-0056,NHY-0056-F1,Field 1,3.00,1989,Male,NID-515137009-3,,+1053719841,4,6,
Nhyira,Greenvale Society,Omar Garcia,NHY-0057,NHY-0057-F1,Field 1,0.65,1963,Male,,,,7,4,
Nhyira,Goldfield Society,Arjun Nguyen,NHY-0058,NHY-0058-F1,Field 1,1.52,1979,Male,,,+1599386306,3,6,No
Nhyira,Silverstone Society,Sofia Silva,NHY-0059,NHY-0059-F1,Field 1,1.17,1968,Female,NID-745430200-6,,+1800009429,3,3,Yes
Nhyira,Goldfield Society,Daniel Kim,NHY-0060,NHY-0060-F1,Field 1,2.26,1962,Male,,,,1,0,Yes
Nhyira,Silverstone Society,Lucas Silva,NHY-0061,NHY-0061-F1,Field 1,2.18,1965,Male,NID-905963290-0,,+1628343069,10,1,No
Nhyira,Silverstone Society,Sofia Muller,NHY-0062,NHY-0062-F1,Field 1,3.34,1996,Female,,,+1089707080,2,5,Yes
Nhyira,Silverstone Society,Sofia Muller,NHY-0062,NHY-0062-F2,Field 2,4.20,1996,Female,,,,,,
Nhyira,Silverstone Society,Mateo Haddad,NHY-0063,NHY-0063-F1,Field 1,4.63,1960,Male,,,+1735734349,4,6,
Nhyira,Silverstone Society,Mateo Haddad,NHY-0063,NHY-0063-F2,Field 2,3.29,1960,Male,,,,,,
Nhyira,Oakridge Society,Daniel Garcia,NHY-0064,NHY-0064-F1,Field 1,3.25,1988,Male,NID-521101900-0,,+1045816578,6,5,
Nhyira,Goldfield Society,Arjun Santos,NHY-0065,NHY-0065-F1,Field 1,0.55,1974,Male,,,+1173639348,8,2,
Nhyira,Goldfield Society,Arjun Santos,NHY-0065,NHY-0065-F2,Field 2,1.29,1974,Male,,,,,,
Nhyira,Fairview Society,Mateo Novak,NHY-0066,NHY-0066-F1,Field 1,2.12,1998,Male,NID-090840488-5,,+1005099571,7,3,
Nhyira,Fairview Society,Lucas Fischer,NHY-0067,NHY-0067-F1,Field 1,4.18,1990,Male,NID-288075382-9,,,1,2,Yes
Nhyira,Greenvale Society,Lucas Larsen,NHY-0068,NHY-0068-F1,Field 1,4.48,1995,Male,,,+1413782136,6,0,
Nhyira,Greenvale Society,Lucas Larsen,NHY-0068,NHY-0068-F2,Field 2,1.48,1995,Male,,,,,,
Nhyira,Fairview Society,Lucas Fischer,NHY-0069,NHY-0069-F1,Field 1,4.61,1977,Male,NID-631615844-5,,+1148757309,6,5,Yes
Nhyira,Oakridge Society,Liam Kim,NHY-0070,NHY-0070-F1,Field 1,0.83,1989,Male,NID-911376424-6,,+1109995301,9,1,
Nhyira,Silverstone Society,Maria Santos,NHY-0071,NHY-0071-F1,Field 1,4.66,1985,Female,NID-081144639-0,,+1439460417,9,6,Yes
Nhyira,Oakridge Society,Mateo Costa,NHY-0072,NHY-0072-F1,Field 1,3.60,1960,Male,,,+1196353929,2,6,Yes
Nhyira,Oakridge Society,Mateo Costa,NHY-0072,NHY-0072-F2,Field 2,3.70,1960,Male,,,,,,
Nhyira,Oakridge Society,Chen Novak,NHY-0073,NHY-0073-F1,Field 1,2.53,1978,Male,NID-522102064-8,,+1924531804,1,0,
Nhyira,Oakridge Society,Chen Novak,NHY-0073,NHY-0073-F2,Field 2,0.60,1978,Male,,,,,,
Nhyira,Greenvale Society,Sarah Garcia,NHY-0074,NHY-0074-F1,Field 1,4.59,1976,Female,NID-500344187-1,,+1793812480,4,2,
Nhyira,Greenvale Society,James Garcia,NHY-0075,NHY-0075-F1,Field 1,3.00,1977,Male,NID-420006105-6,,+1431224592,6,2,Yes
Nhyira,Greenvale Society,James Garcia,NHY-0075,NHY-0075-F2,Field 2,4.34,1977,Male,,,,,,
Nhyira,Oakridge Society,Mateo Wang,NHY-0076,NHY-0076-F1,Field 1,2.03,1976,Male,NID-543581415-0,,+1325346069,10,2,
Nhyira,Greenvale Society,Mateo Dubois,NHY-0077,NHY-0077-F1,Field 1,4.17,1970,Male,NID-557249372-2,,,4,4,No
Nhyira,Greenvale Society,Mateo Dubois,NHY-0077,NHY-0077-F2,Field 2,1.13,1970,Male,,,,,,
Nhyira,Silverstone Society,Omar Muller,NHY-0078,NHY-0078-F1,Field 1,4.90,1994,Male,NID-249507939-7,,+1051155439,8,0,
Nhyira,Fairview Society,Omar Nguyen,NHY-0079,NHY-0079-F1,Field 1,1.96,1962,Male,,,+1075763628,5,1,Yes
Nhyira,Fairview Society,Omar Nguyen,NHY-0079,NHY-0079-F2,Field 2,4.83,1962,Male,,,,,,
Nhyira,Goldfield Society,Noah Novak,NHY-0080,NHY-0080-F1,Field 1,3.15,1981,Male,NID-668733911-5,,+1961945897,5,0,
Nhyira,Goldfield Society,Noah Novak,NHY-0080,NHY-0080-F2,Field 2,3.73,1981,Male,,,,,,
Nhyira,Greenvale Society,Mateo Patel,NHY-0081,NHY-0081-F1,Field 1,3.67,1980,Male,NID-974252178-5,,+1344521693,4,1,Yes
Nhyira,Greenvale Society,Daniel Wang,NHY-0082,NHY-0082-F1,Field 1,3.75,1990,Male,NID-082878377-7,,+1288952630,1,2,
Nhyira,Greenvale Society,Daniel Wang,NHY-0082,NHY-0082-F2,Field 2,3.40,1990,Male,,,,,,
Nhyira,Silverstone Society,Mei Patel,NHY-0083,NHY-0083-F1,Field 1,3.03,1968,Female,,,+1361375873,4,2,Yes
Nhyira,Greenvale Society,Aisha Nguyen,NHY-0084,NHY-0084-F1,Field 1,0.70,1973,Female,NID-462340043-0,,+1324847013,8,1,No
Nhyira,Greenvale Society,Aisha Nguyen,NHY-0084,NHY-0084-F2,Field 2,2.49,1973,Female,,,,,,
Nhyira,Silverstone Society,Sofia Muller,NHY-0085,NHY-0085-F1,Field 1,3.43,1970,Female,NID-908829723-3,,,10,3,Yes
Nhyira,Greenvale Society,Elena Novak,NHY-0086,NHY-0086-F1,Field 1,2.18,1998,Female,NID-036045460-7,,+1863017676,1,3,No
Nhyira,Goldfield Society,Liam Silva,NHY-0087,NHY-0087-F1,Field 1,0.79,1998,Male,,,+1221637392,9,1,Yes
Nhyira,Silverstone Society,Arjun Nguyen,NHY-0088,NHY-0088-F1,Field 1,4.61,1995,Male,,,+1873444020,7,0,Yes
Nhyira,Fairview Society,Omar Larsen,NHY-0089,NHY-0089-F1,Field 1,2.92,1982,Male,NID-387550438-3,,+1810352210,1,5,
Nhyira,Fairview Society,Omar Larsen,NHY-0089,NHY-0089-F2,Field 2,4.38,1982,Male,,,,,,
Nhyira,Oakridge Society,Aisha Muller,NHY-0090,NHY-0090-F1,Field 1,1.75,1972,Female,NID-343135094-7,,,9,4,
Nhyira,Greenvale Society,Lucia Reyes,NHY-0091,NHY-0091-F1,Field 1,2.07,1967,Female,NID-029036407-6,,,1,2,Yes
Nhyira,Greenvale Society,Lucia Reyes,NHY-0091,NHY-0091-F2,Field 2,4.23,1967,Female,,,,,,
Nhyira,Greenvale Society,Noah Reyes,NHY-0092,NHY-0092-F1,Field 1,2.34,1978,Male,NID-934684259-4,,+1907357468,4,5,No
Nhyira,Oakridge Society,Lucas Smith,NHY-0093,NHY-0093-F1,Field 1,4.52,1965,Male,,,+1962441335,7,6,
Nhyira,Oakridge Society,Chen Nguyen,NHY-0094,NHY-0094-F1,Field 1,3.45,1984,Male,,,+1061493916,10,5,Yes
Nhyira,Silverstone Society,Mei Fischer,NHY-0095,NHY-0095-F1,Field 1,1.76,1999,Female,NID-397403632-5,,+1607537856,5,2,Yes
Nhyira,Goldfield Society,Arjun Nguyen,NHY-0096,NHY-0096-F1,Field 1,1.27,1994,Male,,,+1426093058,1,3,No
Nhyira,Goldfield Society,Arjun Nguyen,NHY-0096,NHY-0096-F2,Field 2,4.24,1994,Male,,,,,,
Nhyira,Silverstone Society,Liam Andersson,NHY-0097,NHY-0097-F1,Field 1,4.86,1983,Male,NID-652458740-4,,+1467518453,5,2,
Nhyira,Silverstone Society,Liam Andersson,NHY-0097,NHY-0097-F2,Field 2,2.59,1983,Male,,,,,,
Nhyira,Goldfield Society,Mateo Costa,NHY-0098,NHY-0098-F1,Field 1,2.55,1969,Male,NID-626933380-1,,,5,3,Yes
Nhyira,Goldfield Society,Fatima Smith,NHY-0099,NHY-0099-F1,Field 1,1.94,1961,Female,NID-970283399-5,,,7,5,Yes
Nhyira,Goldfield Society,Fatima Smith,NHY-0099,NHY-0099-F2,Field 2,1.03,1961,Female,,,,,,
Nhyira,Silverstone Society,Daniel Rossi,NHY-0100,NHY-0100-F1,Field 1,1.49,1997,Male,NID-269618431-3,,+1180850691,10,2,
Nhyira,Silverstone Society,Daniel Rossi,NHY-0100,NHY-0100-F2,Field 2,0.84,1997,Male,,,,,,
Nhyira,Greenvale Society,Lucia Santos,NHY-0101,NHY-0101-F1,Field 1,1.25,1980,Female,,,+1181295009,7,0,
Nhyira,Goldfield Society,Chen Garcia,NHY-0102,NHY-0102-F1,Field 1,1.13,1960,Male,,,+1221738785,3,5,
Nhyira,Goldfield Society,Chen Garcia,NHY-0102,NHY-0102-F2,Field 2,3.00,1960,Male,,,,,,
Nhyira,Fairview Society,Sofia Dubois,NHY-0103,NHY-0103-F1,Field 1,1.23,1972,Female,,,+1659627183,8,6,
Nhyira,Fairview Society,Sofia Dubois,NHY-0103,NHY-0103-F2,Field 2,3.24,1972,Female,,,,,,
Nhyira,Goldfield Society,Liam Khan,NHY-0104,NHY-0104-F1,Field 1,4.36,1991,Male,NID-032579529-0,,,5,3,
Nhyira,Goldfield Society,Liam Khan,NHY-0104,NHY-0104-F2,Field 2,4.17,1991,Male,,,,,,
Nhyira,Greenvale Society,Lucas Rossi,NHY-0105,NHY-0105-F1,Field 1,4.78,1966,Male,NID-989610107-5,,,10,2,Yes
Nhyira,Greenvale Society,Lucas Rossi,NHY-0105,NHY-0105-F2,Field 2,1.97,1966,Male,,,,,,
Nhyira,Goldfield Society,Arjun Andersson,NHY-0106,NHY-0106-F1,Field 1,4.98,1961,Male,NID-602059084-3,,+1520569906,3,0,No
Nhyira,Fairview Society,Arjun Nguyen,NHY-0107,NHY-0107-F1,Field 1,1.33,1970,Male,,,+1731763974,7,5,Yes
Nhyira,Fairview Society,Arjun Nguyen,NHY-0107,NHY-0107-F2,Field 2,2.55,1970,Male,,,,,,
Nhyira,Goldfield Society,James Dubois,NHY-0108,NHY-0108-F1,Field 1,4.14,1984,Male,NID-740327863-4,,,5,5,Yes
Nhyira,Goldfield Society,James Dubois,NHY-0108,NHY-0108-F2,Field 2,0.73,1984,Male,,,,,,
Nhyira,Greenvale Society,Sarah Reyes,NHY-0109,NHY-0109-F1,Field 1,0.51,1999,Female,NID-171416846-0,,+1429278854,9,3,Yes
Nhyira,Greenvale Society,Sarah Reyes,NHY-0109,NHY-0109-F2,Field 2,0.65,1999,Female,,,,,,
Nhyira,Greenvale Society,Lucas Dubois,NHY-0110,NHY-0110-F1,Field 1,1.10,1981,Male,NID-731076077-0,,+1777674359,4,0,Yes
Nhyira,Silverstone Society,James Garcia,NHY-0111,NHY-0111-F1,Field 1,3.45,1997,Male,,,+1763663130,7,2,Yes
Nhyira,Silverstone Society,James Garcia,NHY-0111,NHY-0111-F2,Field 2,3.28,1997,Male,,,,,,
Nhyira,Goldfield Society,David Dubois,NHY-0112,NHY-0112-F1,Field 1,1.79,1972,Male,NID-096465150-8,,+1025392803,5,4,Yes
Nhyira,Oakridge Society,Mei Khan,NHY-0113,NHY-0113-F1,Field 1,2.20,1960,Female,NID-196506240-1,,+1296059354,6,5,
Nhyira,Fairview Society,Daniel Garcia,NHY-0114,NHY-0114-F1,Field 1,1.03,1971,Male,,,,10,4,
Nhyira,Fairview Society,Daniel Garcia,NHY-0114,NHY-0114-F2,Field 2,2.97,1971,Male,,,,,,
